Location,Reading,Timestamp,,,,,,
Spring Garden SB Lane 1,63,09:11:25,,,,,,
,72,09:11:28,,,,,,
,68,09:11:30,,,,,,
,67,09:11:32,,,,,,
,65,09:11:36,,,,,,
,66,09:11:37,,,,,,
,68,09:11:41,,,,,,
,65,09:11:43,,,,,,
,58,09:11:48,,,,,,
,65,09:11:53,,,,,,
,66,09:11:58,,,,,,
,67,09:12:02,,,,,,
,61,09:12:04,,,,,,
,63,09:12:09,,,,,,
,63,09:12:11,,,,,,
,64,09:12:14,,,,,,
,67,09:12:15,,,,,,
,66,09:12:17,,,,,,
,65,09:12:19,,,,,,
,62,09:12:25,,,,,,
,60,09:12:27,,,,,,
,63,09:12:31,,,,,,
,61,09:12:33,,,,,,
,65,09:12:35,,,,,,
,64,09:12:38,,,,,,
,66,09:12:41,,,,,,
,65,09:12:43,,,,,,
,63,09:12:45,,,,,,
,67,09:12:51,,,,,,
,60,09:12:55,,,,,,
,60,09:12:58,,,,,,
,62,09:13:06,,,,,,
,63,09:13:08,,,,,,
,61,09:13:12,,,,,,
,60,09:13:15,,,,,,
,60,09:13:16,,,,,,
,63,09:13:18,,,,,,
,62,09:13:21,,,,,,
,60,09:13:26,,,,,,
,65,09:13:37,,,,,,
,73,09:13:57,,,,,,
,71,09:13:59,,,,,,
,63,09:14:01,,,,,,
,63,09:14:04,,,,,,
,65,09:14:07,,,,,,
,65,09:14:10,,,,,,
,72,09:14:23,,,,,,
,63,09:14:30,,,,,,
,61,09:14:33,,,,,,
,62,09:14:35,,,,,,
,61,09:14:39,,,,,,
,62,09:14:43,,,,,,
,60,09:14:44,,,,,,
,61,09:14:47,,,,,,
,70,09:14:49,,,,,,
,63,09:14:52,,,,,,
,63,09:14:54,,,,,,
,65,09:14:57,,,,,,
,65,09:14:58,,,,,,
,61,09:15:06,,,,,,
,65,09:15:10,,,,,,
,62,09:15:20,,,,,,
,63,09:15:28,,,,,,
,60,09:15:34,,,,,,
,63,09:15:39,,,,,,
,64,09:15:41,,,,,,
,69,09:15:45,,,,,,
,68,09:15:50,,,,,,
,64,09:15:53,,,,,,
,66,09:15:55,,,,,,
,64,09:15:59,,,,,,
,63,09:16:00,,,,,,
,65,09:16:03,,,,,,
,63,09:16:06,,,,,,
,64,09:16:10,,,,,,
,66,09:16:14,,,,,,
,61,09:16:24,,,,,,
,65,09:16:28,,,,,,
,61,09:16:30,,,,,,
,58,09:16:34,,,,,,
,57,09:16:37,,,,,,
,63,09:16:39,,,,,,
,67,09:16:42,,,,,,
,68,09:16:49,,,,,,
,67,09:16:51,,,,,,
,62,09:16:54,,,,,,
,59,09:16:57,,,,,,
,62,09:16:59,,,,,,
,58,09:17:05,,,,,,
,57,09:17:08,,,,,,
,58,09:17:11,,,,,,
,62,09:17:14,,,,,,
,64,09:17:17,,,,,,
,63,09:17:23,,,,,,
,63,09:17:28,,,,,,
,66,09:17:31,,,,,,
,66,09:17:34,,,,,,
,66,09:17:36,,,,,,
,66,09:17:49,,,,,,
,62,09:17:55,,,,,,
,61,09:17:59,,,,,,
,61,09:18:01,,,,,,
,60,09:18:04,,,,,,
,62,09:18:06,,,,,,
,66,09:18:07,,,,,,
,64,09:18:09,,,,,,
,61,09:18:11,,,,,,
,63,09:18:14,,,,,,
,61,09:18:16,,,,,,
,66,09:18:17,,,,,,
,69,09:18:31,,,,,,
,64,09:18:42,,,,,,
,60,09:18:56,,,,,,
,62,09:19:00,,,,,,
,66,09:19:02,,,,,,
,63,09:19:03,,,,,,
,64,09:19:06,,,,,,
,64,09:19:07,,,,,,
,63,09:19:09,,,,,,
,68,09:19:11,,,,,,
,65,09:19:13,,,,,,
,62,09:19:14,,,,,,
,60,09:19:16,,,,,,
,62,09:19:19,,,,,,
,63,09:19:21,,,,,,
,62,09:19:25,,,,,,
,62,09:19:26,,,,,,
,61,09:19:28,,,,,,
,60,09:19:29,,,,,,
,66,09:19:45,,,,,,
,67,09:19:47,,,,,,
,62,09:19:52,,,,,,
,60,09:19:54,,,,,,
,61,09:19:55,,,,,,
,61,09:19:58,,,,,,
,60,09:20:00,,,,,,
,63,09:20:03,,,,,,
,63,09:20:05,,,,,,
,60,09:20:12,,,,,,
,58,09:20:25,,,,,,
,61,09:20:27,,,,,,
,61,09:20:30,,,,,,
,61,09:20:32,,,,,,
,61,09:20:34,,,,,,
,60,09:20:36,,,,,,
,60,09:20:38,,,,,,
,62,09:20:40,,,,,,
,62,09:20:42,,,,,,
,60,09:20:44,,,,,,
,59,09:20:46,,,,,,
,59,09:20:48,,,,,,
,59,09:20:50,,,,,,
,58,09:20:54,,,,,,
,61,09:20:56,,,,,,
,57,09:20:59,,,,,,
,60,09:21:01,,,,,,
,58,09:21:03,,,,,,
,59,09:21:05,,,,,,
,59,09:21:07,,,,,,
,56,09:21:12,,,,,,
,56,09:21:12,,,,,,
,61,09:21:13,,,,,,
,60,09:21:15,,,,,,
,60,09:21:18,,,,,,
,68,09:21:21,,,,,,
,66,09:21:23,,,,,,
,64,09:21:26,,,,,,
,62,09:21:28,,,,,,
,57,09:21:30,,,,,,
,57,09:21:31,,,,,,
,60,09:21:36,,,,,,
,59,09:21:38,,,,,,
,55,09:21:44,,,,,,
,60,09:21:50,,,,,,
,59,09:21:51,,,,,,
,56,09:21:54,,,,,,
,57,09:21:55,,,,,,
,59,09:21:57,,,,,,
,59,09:21:59,,,,,,
,62,09:22:01,,,,,,
,60,09:22:04,,,,,,
,63,09:22:08,,,,,,
,63,09:22:13,,,,,,
,63,09:22:14,,,,,,
,64,09:22:16,,,,,,
,60,09:22:19,,,,,,
,60,09:22:21,,,,,,
,60,09:22:23,,,,,,
,68,09:22:25,,,,,,
,58,09:22:44,,,,,,
,57,09:22:47,,,,,,
,60,09:22:49,,,,,,
,64,09:22:54,,,,,,
,65,09:22:58,,,,,,
,57,09:23:08,,,,,,
,55,09:23:10,,,,,,
,56,09:23:12,,,,,,
,55,09:23:17,,,,,,
,57,09:23:19,,,,,,
,59,09:23:21,,,,,,
,58,09:23:23,,,,,,
,59,09:23:25,,,,,,
,63,09:23:28,,,,,,
,60,09:23:30,,,,,,
,61,09:23:31,,,,,,
,60,09:23:34,,,,,,
,61,09:23:36,,,,,,
,59,09:23:38,,,,,,
,61,09:23:40,,,,,,
,58,09:23:44,,,,,,
,60,09:23:47,,,,,,
,57,09:23:53,,,,,,
,57,09:23:56,,,,,,
,61,09:23:58,,,,,,
,62,09:24:00,,,,,,
,64,09:24:04,,,,,,
,62,09:24:07,,,,,,
,59,09:24:09,,,,,,
,57,09:24:11,,,,,,
,58,09:24:13,,,,,,
,61,09:24:15,,,,,,
,61,09:24:17,,,,,,
,62,09:24:21,,,,,,
,59,09:24:27,,,,,,
,71,09:24:29,,,,,,
,70,09:24:32,,,,,,
,65,09:24:35,,,,,,
,60,09:24:39,,,,,,
,62,09:24:41,,,,,,
,62,09:24:42,,,,,,
,64,09:24:44,,,,,,
,61,09:24:50,,,,,,
,61,09:24:53,,,,,,
,61,09:24:57,,,,,,
,61,09:24:59,,,,,,
,59,09:25:06,,,,,,
,56,09:25:09,,,,,,
,57,09:25:11,,,,,,
,56,09:25:13,,,,,,
,65,09:25:16,,,,,,
,62,09:25:22,,,,,,
,65,09:25:29,,,,,,
,63,09:25:32,,,,,,
,63,09:25:34,,,,,,
,63,09:25:36,,,,,,
,60,09:25:43,,,,,,
,59,09:25:45,,,,,,
,57,09:25:47,,,,,,
,61,09:25:49,,,,,,
,63,09:25:53,,,,,,
,60,09:25:56,,,,,,
,64,09:25:59,,,,,,
,65,09:26:02,,,,,,
,59,09:26:06,,,,,,
,58,09:26:09,,,,,,
,57,09:26:11,,,,,,
,62,09:26:16,,,,,,
,64,09:26:17,,,,,,
,65,09:26:18,,,,,,
,65,09:26:19,,,,,,
,64,09:26:20,,,,,,
,65,09:26:21,,,,,,
,64,09:26:22,,,,,,
,67,09:26:24,,,,,,
,65,09:26:25,,,,,,
,65,09:26:27,,,,,,
,62,09:26:32,,,,,,
,63,09:26:34,,,,,,
,66,09:26:38,,,,,,
,64,09:26:43,,,,,,
,65,09:27:13,,,,,,
,64,09:27:19,,,,,,
,64,09:27:27,,,,,,
,68,09:27:34,,,,,,
,61,09:27:37,,,,,,
,63,09:27:38,,,,,,
,58,09:27:41,,,,,,
,57,09:27:43,,,,,,
,58,09:27:45,,,,,,
,56,09:27:47,,,,,,
,58,09:27:50,,,,,,
,59,09:27:53,,,,,,
,70,09:27:57,,,,,,
,60,09:28:08,,,,,,
,61,09:28:12,,,,,,
,60,09:28:16,,,,,,
,62,09:28:19,,,,,,
,63,09:28:21,,,,,,
,60,09:28:22,,,,,,
,58,09:28:25,,,,,,
,60,09:28:27,,,,,,
,60,09:28:28,,,,,,
,61,09:28:33,,,,,,
,58,09:28:40,,,,,,
,62,09:28:50,,,,,,
,56,09:28:54,,,,,,
,57,09:28:55,,,,,,
,56,09:28:59,,,,,,
,58,09:29:00,,,,,,
,59,09:29:02,,,,,,
,59,09:29:03,,,,,,
,59,09:29:05,,,,,,
,58,09:29:06,,,,,,
,62,09:29:08,,,,,,
,60,09:29:10,,,,,,
,62,09:29:12,,,,,,
,58,09:29:14,,,,,,
,53,09:29:16,,,,,,
,56,09:29:18,,,,,,
,55,09:29:20,,,,,,
,61,09:29:22,,,,,,
,61,09:29:24,,,,,,
,60,09:29:27,,,,,,
,63,09:29:28,,,,,,
,63,09:29:30,,,,,,
,64,09:29:32,,,,,,
,67,09:29:34,,,,,,
,58,09:29:37,,,,,,
,59,09:29:39,,,,,,
,59,09:29:40,,,,,,
,60,09:29:42,,,,,,
,60,09:29:44,,,,,,
,61,09:29:47,,,,,,
,66,09:29:51,,,,,,
,56,09:29:55,,,,,,
,57,09:29:57,,,,,,
,56,09:30:02,,,,,,
,60,09:30:05,,,,,,
,66,09:30:07,,,,,,
,62,09:30:11,,,,,,
,63,09:30:13,,,,,,
,60,09:30:23,,,,,,
,60,09:30:25,,,,,,
,66,09:30:28,,,,,,
,68,09:30:31,,,,,,
,65,09:30:33,,,,,,
,62,09:30:34,,,,,,
,65,09:30:36,,,,,,
,63,09:30:38,,,,,,
,64,09:30:40,,,,,,
,66,09:30:45,,,,,,
,66,09:30:47,,,,,,
,64,09:30:50,,,,,,
,64,09:30:52,,,,,,
,61,09:30:58,,,,,,
,60,09:30:59,,,,,,
,58,09:31:04,,,,,,
,59,09:31:09,,,,,,
,57,09:31:11,,,,,,
,60,09:31:12,,,,,,
,60,09:31:14,,,,,,
,60,09:31:17,,,,,,
,67,09:31:18,,,,,,
,60,09:31:21,,,,,,
,64,09:31:24,,,,,,
,59,09:31:26,,,,,,
,58,09:31:28,,,,,,
,62,09:31:33,,,,,,
,62,09:31:36,,,,,,
,57,09:31:39,,,,,,
,61,09:31:42,,,,,,
,61,09:31:43,,,,,,
,61,09:31:45,,,,,,
,58,09:31:47,,,,,,
,62,09:31:53,,,,,,
,59,09:31:55,,,,,,
,60,09:31:57,,,,,,
,62,09:32:01,,,,,,
,64,09:32:05,,,,,,
,61,09:32:07,,,,,,
,58,09:32:08,,,,,,
,57,09:32:12,,,,,,
,59,09:32:14,,,,,,
,59,09:32:15,,,,,,
,59,09:32:17,,,,,,
,67,09:32:32,,,,,,
,63,09:32:35,,,,,,
,68,09:32:44,,,,,,
,57,09:32:51,,,,,,
,64,09:32:55,,,,,,
,64,09:32:56,,,,,,
,61,09:32:58,,,,,,
,61,09:32:59,,,,,,
,60,09:33:01,,,,,,
,63,09:33:03,,,,,,
,62,09:33:12,,,,,,
,64,09:33:15,,,,,,
,60,09:33:19,,,,,,
,66,09:33:23,,,,,,
,65,09:33:25,,,,,,
,63,09:33:31,,,,,,
,58,09:33:38,,,,,,
,63,09:33:42,,,,,,
,61,09:33:43,,,,,,
,66,09:33:44,,,,,,
,59,09:33:46,,,,,,
,61,09:33:47,,,,,,
,62,09:33:49,,,,,,
,59,09:33:54,,,,,,
,60,09:33:57,,,,,,
,67,09:34:03,,,,,,
,64,09:34:05,,,,,,
,73,09:34:09,,,,,,
,64,09:34:15,,,,,,
,65,09:34:24,,,,,,
,67,09:34:27,,,,,,
,68,09:34:30,,,,,,
,62,09:34:31,,,,,,
,62,09:34:32,,,,,,
,64,09:34:34,,,,,,
,64,09:34:43,,,,,,
,63,09:34:47,,,,,,
,64,09:34:49,,,,,,
,63,09:34:51,,,,,,
,59,09:34:58,,,,,,
,57,09:35:03,,,,,,
,58,09:35:05,,,,,,
,58,09:35:07,,,,,,
,56,09:35:09,,,,,,
,56,09:35:11,,,,,,
,57,09:35:12,,,,,,
,58,09:35:18,,,,,,
,60,09:35:20,,,,,,
,59,09:35:22,,,,,,
,64,09:35:24,,,,,,
,60,09:35:26,,,,,,
,60,09:35:28,,,,,,
,59,09:35:30,,,,,,
,58,09:35:32,,,,,,
,57,09:35:34,,,,,,
,57,09:35:37,,,,,,
,59,09:35:39,,,,,,
,50,09:35:42,,,,,,
,58,09:35:44,,,,,,
,56,09:35:47,,,,,,
,57,09:35:49,,,,,,
,68,09:35:51,,,,,,
,66,09:35:53,,,,,,
,64,09:35:55,,,,,,
,65,09:35:58,,,,,,
,65,09:36:01,,,,,,
,70,09:36:04,,,,,,
,70,09:36:06,,,,,,
,72,09:36:08,,,,,,
,70,09:36:13,,,,,,
,63,09:36:17,,,,,,
,64,09:36:22,,,,,,
,61,09:36:27,,,,,,
,61,09:36:29,,,,,,
,62,09:36:31,,,,,,
,62,09:36:32,,,,,,
,58,09:36:35,,,,,,
,59,09:36:37,,,,,,
,60,09:36:40,,,,,,
,59,09:36:42,,,,,,
,66,09:36:45,,,,,,
,65,09:36:48,,,,,,
,61,09:36:50,,,,,,
,64,09:36:52,,,,,,
,64,09:36:54,,,,,,
,65,09:36:55,,,,,,
,56,09:37:05,,,,,,
,68,09:37:12,,,,,,
,67,09:37:14,,,,,,
,64,09:37:17,,,,,,
,64,09:37:19,,,,,,
,67,09:37:23,,,,,,
,70,09:37:26,,,,,,
,65,09:37:28,,,,,,
,59,09:37:31,,,,,,
,62,09:37:35,,,,,,
,60,09:37:40,,,,,,
,55,09:37:47,,,,,,
,65,09:37:48,,,,,,
,62,09:37:56,,,,,,
,58,09:37:57,,,,,,
,61,09:38:01,,,,,,
,60,09:38:05,,,,,,
,61,09:38:09,,,,,,
,63,09:38:11,,,,,,
,62,09:38:12,,,,,,
,64,09:38:15,,,,,,
,64,09:38:17,,,,,,
,66,09:38:20,,,,,,
,66,09:38:21,,,,,,
,62,09:38:24,,,,,,
,60,09:38:29,,,,,,
,59,09:38:36,,,,,,
,59,09:38:38,,,,,,
,61,09:38:40,,,,,,
,63,09:38:46,,,,,,
,65,09:38:49,,,,,,
,66,09:38:52,,,,,,
,63,09:38:54,,,,,,
,60,09:38:56,,,,,,
,55,09:39:02,,,,,,
,54,09:39:05,,,,,,
,59,09:39:08,,,,,,
,59,09:39:13,,,,,,
,57,09:39:16,,,,,,
,58,09:39:18,,,,,,
,59,09:39:21,,,,,,
,61,09:39:22,,,,,,
,61,09:39:24,,,,,,
,62,09:39:26,,,,,,
,63,09:39:28,,,,,,
,60,09:39:30,,,,,,
,60,09:39:34,,,,,,
,61,09:39:36,,,,,,
,61,09:39:37,,,,,,
,60,09:39:39,,,,,,
,57,09:39:41,,,,,,
,60,09:39:44,,,,,,
,61,09:39:47,,,,,,
,61,09:39:48,,,,,,
,60,09:39:52,,,,,,
,57,09:39:53,,,,,,
,57,09:39:55,,,,,,
,57,09:39:57,,,,,,
,55,09:40:00,,,,,,
,57,09:40:01,,,,,,
,56,09:40:02,,,,,,
,53,09:40:04,,,,,,
,58,09:40:06,,,,,,
,58,09:40:08,,,,,,
,55,09:40:10,,,,,,
,56,09:40:12,,,,,,
,56,09:40:14,,,,,,
,55,09:40:16,,,,,,
,55,09:40:19,,,,,,
,53,09:40:21,,,,,,
,54,09:40:22,,,,,,
,57,09:40:26,,,,,,
,59,09:40:28,,,,,,
,58,09:40:32,,,,,,
,57,09:40:35,,,,,,
,56,09:40:36,,,,,,
,57,09:40:38,,,,,,
,57,09:40:40,,,,,,
,57,09:40:41,,,,,,
,54,09:40:44,,,,,,
,55,09:40:46,,,,,,
,59,09:40:48,,,,,,
,58,09:40:49,,,,,,
,60,09:40:53,,,,,,
,63,09:40:56,,,,,,
,63,09:41:03,,,,,,
,63,09:41:06,,,,,,
,60,09:41:08,,,,,,
,59,09:41:09,,,,,,
,55,09:41:15,,,,,,
Spring Garden SB Lane 3,,,,,,,,
,62,09:47:04,,,,,,
,55,09:47:08,,,,,,
,52,09:47:26,,,,,,
,45,09:47:35,,,,,,
,44,09:47:37,,,,,,
,48,09:47:39,,,,,,
,49,09:47:42,,,,,,
,48,09:47:44,,,,,,
,47,09:47:45,,,,,,
,48,09:47:47,,,,,,
,53,09:47:50,,,,,,
,55,09:47:51,,,,,,
,62,09:47:58,,,,,,
,57,09:48:00,,,,,,
,54,09:48:03,,,,,,
,53,09:48:11,,,,,,
,58,09:48:25,,,,,,
,53,09:48:33,,,,,,
,63,09:48:44,,,,,,
,55,09:48:54,,,,,,
,52,09:48:59,,,,,,
,52,09:49:08,,,,,,
,55,09:49:21,,,,,,
,54,09:49:27,,,,,,
,51,09:49:30,,,,,,
,52,09:49:41,,,,,,
,50,09:49:51,,,,,,
,52,09:49:54,,,,,,
,49,09:49:57,,,,,,
,51,09:50:00,,,,,,
,51,09:50:02,,,,,,
,51,09:50:03,,,,,,
,52,09:50:05,,,,,,
,55,09:50:07,,,,,,
,59,09:50:11,,,,,,
,52,09:50:29,,,,,,
,51,09:50:30,,,,,,
,50,09:50:32,,,,,,
,49,09:50:34,,,,,,
,54,09:50:40,,,,,,
,54,09:50:46,,,,,,
,60,09:51:05,,,,,,
,55,09:51:13,,,,,,
,58,09:51:15,,,,,,
,57,09:51:19,,,,,,
,52,09:51:28,,,,,,
,48,09:51:35,,,,,,
,50,09:51:37,,,,,,
,45,09:51:38,,,,,,
,55,09:51:47,,,,,,
,54,09:51:50,,,,,,
,54,09:51:52,,,,,,
,53,09:52:02,,,,,,
,54,09:52:02,,,,,,
,51,09:52:06,,,,,,
,52,09:52:08,,,,,,
,53,09:52:11,,,,,,
,53,09:52:19,,,,,,
,58,09:52:24,,,,,,
,56,09:52:27,,,,,,
,56,09:52:31,,,,,,
,50,09:52:39,,,,,,
,47,09:52:42,,,,,,
,46,09:52:46,,,,,,
,47,09:52:48,,,,,,
,48,09:52:52,,,,,,
,50,09:52:55,,,,,,
,53,09:52:58,,,,,,
,51,09:52:59,,,,,,
,50,09:53:02,,,,,,
,50,09:53:05,,,,,,
,58,09:53:07,,,,,,
,54,09:53:16,,,,,,
,53,09:53:19,,,,,,
,51,09:53:21,,,,,,
,52,09:53:28,,,,,,
,56,09:53:33,,,,,,
,56,09:53:35,,,,,,
,53,09:53:37,,,,,,
,57,09:53:43,,,,,,
,54,09:53:54,,,,,,
,53,09:53:58,,,,,,
,53,09:53:59,,,,,,
,53,09:54:01,,,,,,
,51,09:54:03,,,,,,
,52,09:54:04,,,,,,
,58,09:54:11,,,,,,
,60,09:54:17,,,,,,
,52,09:54:35,,,,,,
,50,09:54:39,,,,,,
,50,09:54:44,,,,,,
,53,09:54:46,,,,,,
,55,09:54:49,,,,,,
,53,09:54:52,,,,,,
,50,09:54:59,,,,,,
,50,09:55:01,,,,,,
,66,09:55:10,,,,,,
,64,09:55:12,,,,,,
,46,09:55:27,,,,,,
,48,09:55:31,,,,,,
,51,09:55:34,,,,,,
,53,09:55:36,,,,,,
,50,09:55:47,,,,,,
,54,09:55:55,,,,,,
,53,09:56:00,,,,,,
,52,09:56:02,,,,,,
,65,09:56:09,,,,,,
,51,09:56:21,,,,,,
,52,09:56:24,,,,,,
,55,09:56:26,,,,,,
,50,09:56:33,,,,,,
,57,09:56:41,,,,,,
,54,09:56:56,,,,,,
,54,09:56:59,,,,,,
,53,09:57:07,,,,,,
,50,09:57:09,,,,,,
,61,09:57:11,,,,,,
,55,09:57:20,,,,,,
,50,09:57:25,,,,,,
,63,09:57:34,,,,,,
,56,09:57:49,,,,,,
,62,09:57:53,,,,,,
,59,09:58:04,,,,,,
,48,09:58:16,,,,,,
,49,09:58:20,,,,,,
,46,09:58:22,,,,,,
,55,09:58:30,,,,,,
,55,09:58:54,,,,,,
,56,09:58:57,,,,,,
,50,09:59:02,,,,,,
,50,09:59:03,,,,,,
,54,09:59:07,,,,,,
,56,09:59:09,,,,,,
,54,09:59:15,,,,,,
,53,09:59:19,,,,,,
,57,09:59:27,,,,,,
,50,09:59:38,,,,,,
,54,09:59:45,,,,,,
,51,09:59:49,,,,,,
,48,09:59:52,,,,,,
,45,09:59:57,,,,,,
,51,09:59:59,,,,,,
,58,10:00:05,,,,,,
,55,10:00:09,,,,,,
,61,10:00:16,,,,,,
,57,10:00:19,,,,,,
,54,10:00:24,,,,,,
,52,10:00:31,,,,,,
,53,10:00:48,,,,,,
,51,10:00:50,,,,,,
,49,10:00:54,,,,,,
,56,10:01:01,,,,,,
,58,10:01:22,,,,,,
,47,10:01:33,,,,,,
,51,10:01:39,,,,,,
,49,10:01:47,,,,,,
,50,10:01:49,,,,,,
,50,10:01:50,,,,,,
,50,10:01:53,,,,,,
,53,10:02:10,,,,,,
,50,10:02:12,,,,,,
,51,10:02:13,,,,,,
,59,10:02:22,,,,,,
,54,10:02:29,,,,,,
,53,10:02:32,,,,,,
,55,10:02:39,,,,,,
,68,10:02:47,,,,,,
,56,10:03:05,,,,,,
,55,10:03:08,,,,,,
,61,10:03:17,,,,,,
,41,10:03:24,,,,,,
,38,10:03:29,,,,,,
,38,10:03:31,,,,,,
,39,10:03:33,,,,,,
,39,10:03:35,,,,,,
,41,10:03:37,,,,,,
,43,10:03:39,,,,,,
,42,10:03:40,,,,,,
,44,10:03:44,,,,,,
,46,10:03:46,,,,,,
,53,10:03:50,,,,,,
,55,10:03:58,,,,,,
,55,10:04:04,,,,,,
,47,10:04:26,,,,,,
,59,10:04:33,,,,,,
,54,10:04:36,,,,,,
,64,10:04:45,,,,,,
,51,10:04:47,,,,,,
,49,10:04:50,,,,,,
,50,10:04:53,,,,,,
,50,10:04:55,,,,,,
,52,10:04:59,,,,,,
,54,10:05:02,,,,,,
,53,10:05:04,,,,,,
,51,10:05:08,,,,,,
,52,10:05:11,,,,,,
,60,10:05:14,,,,,,
,54,10:05:17,,,,,,
,51,10:05:21,,,,,,
,46,10:05:27,,,,,,
,45,10:05:32,,,,,,
,50,10:05:36,,,,,,
,50,10:05:40,,,,,,
,49,10:05:42,,,,,,
,51,10:05:44,,,,,,
,52,10:05:47,,,,,,
,53,10:05:52,,,,,,
,49,10:05:55,,,,,,
,47,10:05:56,,,,,,
,60,10:06:13,,,,,,
,57,10:06:16,,,,,,
,52,10:06:27,,,,,,
,50,10:06:45,,,,,,
,52,10:06:52,,,,,,
,50,10:06:59,,,,,,
,54,10:07:07,,,,,,
,51,10:07:27,,,,,,
,49,10:07:28,,,,,,
,50,10:07:30,,,,,,
,47,10:07:31,,,,,,
,50,10:07:33,,,,,,
,52,10:07:39,,,,,,
,55,10:07:41,,,,,,
,63,10:07:49,,,,,,
,58,10:08:13,,,,,,
,47,10:08:21,,,,,,
,45,10:08:24,,,,,,
,52,10:08:39,,,,,,
,51,10:08:42,,,,,,
,57,10:08:46,,,,,,
,58,10:08:55,,,,,,
,59,10:08:56,,,,,,
,57,10:08:57,,,,,,
,52,10:08:58,,,,,,
,54,10:09:02,,,,,,
,51,10:09:04,,,,,,
,56,10:09:11,,,,,,
,50,10:09:17,,,,,,
,51,10:09:20,,,,,,
,53,10:09:22,,,,,,
,48,10:09:24,,,,,,
,53,10:09:28,,,,,,
,53,10:09:33,,,,,,
,51,10:09:53,,,,,,
,48,10:09:54,,,,,,
,49,10:09:57,,,,,,
,46,10:09:59,,,,,,
,50,10:10:03,,,,,,
,54,10:10:05,,,,,,
,52,10:10:15,,,,,,
,50,10:10:20,,,,,,
,49,10:10:29,,,,,,
,47,10:10:30,,,,,,
,47,10:10:32,,,,,,
,47,10:10:33,,,,,,
,53,10:10:38,,,,,,
,51,10:10:41,,,,,,
,50,10:11:15,,,,,,
,50,10:11:17,,,,,,
,48,10:11:21,,,,,,
,55,10:11:24,,,,,,
,52,10:11:26,,,,,,
,57,10:11:34,,,,,,
,56,10:11:37,,,,,,
,59,10:11:43,,,,,,
,55,10:11:45,,,,,,
,60,10:11:50,,,,,,
,57,10:11:52,,,,,,
,57,10:12:02,,,,,,
,56,10:12:05,,,,,,
,54,10:12:09,,,,,,
,48,10:12:22,,,,,,
,53,10:12:25,,,,,,
,53,10:12:28,,,,,,
,52,10:12:29,,,,,,
,55,10:12:33,,,,,,
,54,10:12:41,,,,,,
,47,10:12:43,,,,,,
,49,10:12:45,,,,,,
,51,10:12:55,,,,,,
,61,10:13:07,,,,,,
,57,10:13:12,,,,,,
,51,10:13:20,,,,,,
,46,10:13:26,,,,,,
,55,10:13:32,,,,,,
,52,10:13:37,,,,,,
,51,10:13:40,,,,,,
,50,10:13:44,,,,,,
,57,10:13:49,,,,,,
,58,10:13:54,,,,,,
,54,10:14:11,,,,,,
,54,10:14:18,,,,,,
,57,10:14:31,,,,,,
,52,10:14:34,,,,,,
,59,10:14:43,,,,,,
,50,10:14:45,,,,,,
,52,10:14:58,,,,,,
,55,10:15:01,,,,,,
,51,10:15:02,,,,,,
,55,10:15:05,,,,,,
,62,10:15:22,,,,,,
,53,10:15:27,,,,,,
,55,10:15:37,,,,,,
,57,10:15:43,,,,,,
,54,10:15:51,,,,,,
,53,10:15:54,,,,,,
,48,10:16:03,,,,,,
,46,10:16:07,,,,,,
,42,10:16:10,,,,,,
,48,10:16:14,,,,,,
,50,10:16:24,,,,,,
,52,10:16:31,,,,,,
,50,10:16:35,,,,,,
,54,10:16:37,,,,,,
,56,10:16:39,,,,,,
,52,10:16:46,,,,,,
,54,10:16:49,,,,,,
,63,10:16:52,,,,,,
Spring Garden NB Lane 1,62,10:22:13,,,,,,
,66,10:22:15,,,,,,
,63,10:22:18,,,,,,
,62,10:22:20,,,,,,
,64,10:22:23,,,,,,
,59,10:22:25,,,,,,
,68,10:22:30,,,,,,
,63,10:22:34,,,,,,
,64,10:22:38,,,,,,
,59,10:22:40,,,,,,
,61,10:22:43,,,,,,
,63,10:22:46,,,,,,
,67,10:22:50,,,,,,
,66,10:22:57,,,,,,
,72,10:23:04,,,,,,
,63,10:23:06,,,,,,
,66,10:23:15,,,,,,
,70,10:23:22,,,,,,
,64,10:23:23,,,,,,
,65,10:23:27,,,,,,
,72,10:23:29,,,,,,
,66,10:23:33,,,,,,
,66,10:23:49,,,,,,
,65,10:23:54,,,,,,
,64,10:23:57,,,,,,
,71,10:24:08,,,,,,
,64,10:24:14,,,,,,
,60,10:24:15,,,,,,
,60,10:24:17,,,,,,
,61,10:24:20,,,,,,
,59,10:24:23,,,,,,
,64,10:24:30,,,,,,
,64,10:24:32,,,,,,
,61,10:24:41,,,,,,
,61,10:24:45,,,,,,
,66,10:24:59,,,,,,
,66,10:25:04,,,,,,
,65,10:25:07,,,,,,
,63,10:25:11,,,,,,
,61,10:25:14,,,,,,
,61,10:25:16,,,,,,
,64,10:25:20,,,,,,
,66,10:25:23,,,,,,
,61,10:25:25,,,,,,
,60,10:25:27,,,,,,
,64,10:25:40,,,,,,
,62,10:25:49,,,,,,
,64,10:25:50,,,,,,
,67,10:25:56,,,,,,
,64,10:25:59,,,,,,
,70,10:26:03,,,,,,
,67,10:26:06,,,,,,
,65,10:26:12,,,,,,
,70,10:26:16,,,,,,
,64,10:26:19,,,,,,
,67,10:26:29,,,,,,
,70,10:26:34,,,,,,
,66,10:26:37,,,,,,
,70,10:26:44,,,,,,
,65,10:26:46,,,,,,
,66,10:26:50,,,,,,
,63,10:27:04,,,,,,
,65,10:27:06,,,,,,
,63,10:27:08,,,,,,
,71,10:27:11,,,,,,
,60,10:27:13,,,,,,
,62,10:27:16,,,,,,
,62,10:27:22,,,,,,
,62,10:27:23,,,,,,
,59,10:27:26,,,,,,
,63,10:27:31,,,,,,
,64,10:27:37,,,,,,
,61,10:27:55,,,,,,
,66,10:27:58,,,,,,
,59,10:28:23,,,,,,
,62,10:28:28,,,,,,
,61,10:28:34,,,,,,
,60,10:28:36,,,,,,
,60,10:28:43,,,,,,
,60,10:28:45,,,,,,
,58,10:28:47,,,,,,
,65,10:28:50,,,,,,
,64,10:28:52,,,,,,
,62,10:28:57,,,,,,
,60,10:28:59,,,,,,
,65,10:29:12,,,,,,
,64,10:29:13,,,,,,
,66,10:29:19,,,,,,
,68,10:29:27,,,,,,
,62,10:29:30,,,,,,
,64,10:29:37,,,,,,
,63,10:29:44,,,,,,
,66,10:29:47,,,,,,
,66,10:29:49,,,,,,
,68,10:29:54,,,,,,
,64,10:29:56,,,,,,
,62,10:30:02,,,,,,
,69,10:30:06,,,,,,
,70,10:30:21,,,,,,
,71,10:30:23,,,,,,
,67,10:30:24,,,,,,
,59,10:30:25,,,,,,
,59,10:30:27,,,,,,
,60,10:30:28,,,,,,
,69,10:30:31,,,,,,
,68,10:30:33,,,,,,
,67,10:30:37,,,,,,
,63,10:30:38,,,,,,
,66,10:30:43,,,,,,
,65,10:30:47,,,,,,
,61,10:30:55,,,,,,
,62,10:30:57,,,,,,
,67,10:31:14,,,,,,
,67,10:31:20,,,,,,
,63,10:31:23,,,,,,
,63,10:31:26,,,,,,
,63,10:31:29,,,,,,
,65,10:31:32,,,,,,
,62,10:31:34,,,,,,
,61,10:31:37,,,,,,
,63,10:31:39,,,,,,
,68,10:32:24,,,,,,
,65,10:32:33,,,,,,
,68,10:32:36,,,,,,
,67,10:32:39,,,,,,
,65,10:32:42,,,,,,
,65,10:32:45,,,,,,
,61,10:32:52,,,,,,
,62,10:32:56,,,,,,
,68,10:33:00,,,,,,
,60,10:33:05,,,,,,
,65,10:33:09,,,,,,
,62,10:33:14,,,,,,
,61,10:33:17,,,,,,
,63,10:33:22,,,,,,
,62,10:33:24,,,,,,
,66,10:33:32,,,,,,
,64,10:33:37,,,,,,
,67,10:33:42,,,,,,
,69,10:33:44,,,,,,
,62,10:33:47,,,,,,
,62,10:33:56,,,,,,
,65,10:34:02,,,,,,
,63,10:34:04,,,,,,
,67,10:34:07,,,,,,
,65,10:34:09,,,,,,
,65,10:34:11,,,,,,
,62,10:34:14,,,,,,
,67,10:34:17,,,,,,
,69,10:34:19,,,,,,
,66,10:34:22,,,,,,
,61,10:34:31,,,,,,
,62,10:34:39,,,,,,
,61,10:34:41,,,,,,
,64,10:34:46,,,,,,
,65,10:34:48,,,,,,
,64,10:34:50,,,,,,
,62,10:34:56,,,,,,
,58,10:35:01,,,,,,
,66,10:35:09,,,,,,
,60,10:35:19,,,,,,
,59,10:35:23,,,,,,
,58,10:35:29,,,,,,
,64,10:35:32,,,,,,
,60,10:35:35,,,,,,
,57,10:35:37,,,,,,
,59,10:35:40,,,,,,
,60,10:35:43,,,,,,
,58,10:35:45,,,,,,
,57,10:35:47,,,,,,
,60,10:35:52,,,,,,
,62,10:36:00,,,,,,
,61,10:36:07,,,,,,
,71,10:36:15,,,,,,
,66,10:36:17,,,,,,
,65,10:36:21,,,,,,
,63,10:36:29,,,,,,
,62,10:36:32,,,,,,
,76,10:36:40,,,,,,
,67,10:36:43,,,,,,
,65,10:36:46,,,,,,
,71,10:36:49,,,,,,
,66,10:36:50,,,,,,
,68,10:36:52,,,,,,
,65,10:36:58,,,,,,
,68,10:37:03,,,,,,
,67,10:37:07,,,,,,
,66,10:37:09,,,,,,
,65,10:37:14,,,,,,
,64,10:37:17,,,,,,
,61,10:37:24,,,,,,
,57,10:37:32,,,,,,
,55,10:37:34,,,,,,
,58,10:37:36,,,,,,
,58,10:37:47,,,,,,
,56,10:37:51,,,,,,
,59,10:38:08,,,,,,
,58,10:38:12,,,,,,
,55,10:38:13,,,,,,
,55,10:38:16,,,,,,
,54,10:38:19,,,,,,
,54,10:38:22,,,,,,
,57,10:38:24,,,,,,
,62,10:38:26,,,,,,
,56,10:38:33,,,,,,
,55,10:38:35,,,,,,
,57,10:38:39,,,,,,
,56,10:38:41,,,,,,
,60,10:38:44,,,,,,
,54,10:38:47,,,,,,
,55,10:38:49,,,,,,
,55,10:38:54,,,,,,
,62,10:39:04,,,,,,
,55,10:39:06,,,,,,
,53,10:39:12,,,,,,
,61,10:39:14,,,,,,
,65,10:39:16,,,,,,
,65,10:39:18,,,,,,
,72,10:39:24,,,,,,
,69,10:39:27,,,,,,
,58,10:39:34,,,,,,
,62,10:39:51,,,,,,
,65,10:39:52,,,,,,
,66,10:39:53,,,,,,
,64,10:39:56,,,,,,
,60,10:39:58,,,,,,
,57,10:40:04,,,,,,
,56,10:40:09,,,,,,
,55,10:40:11,,,,,,
,59,10:40:16,,,,,,
,58,10:40:19,,,,,,
,62,10:40:21,,,,,,
,62,10:40:23,,,,,,
,62,10:40:25,,,,,,
,68,10:40:31,,,,,,
,69,10:40:36,,,,,,
,71,10:40:39,,,,,,
,72,10:40:42,,,,,,
,69,10:40:45,,,,,,
,65,10:40:48,,,,,,
,70,10:41:03,,,,,,
,63,10:41:06,,,,,,
,65,10:41:16,,,,,,
,64,10:41:19,,,,,,
,66,10:41:21,,,,,,
,63,10:41:27,,,,,,
,59,10:41:36,,,,,,
,66,10:41:40,,,,,,
,63,10:41:42,,,,,,
,63,10:41:44,,,,,,
,67,10:41:47,,,,,,
,60,10:41:50,,,,,,
,58,10:41:55,,,,,,
,63,10:42:06,,,,,,
,61,10:42:08,,,,,,
,66,10:42:11,,,,,,
,65,10:42:16,,,,,,
,65,10:42:20,,,,,,
,62,10:42:23,,,,,,
,61,10:42:26,,,,,,
,64,10:42:29,,,,,,
,62,10:42:32,,,,,,
,63,10:42:37,,,,,,
,61,10:42:43,,,,,,
,61,10:42:44,,,,,,
,60,10:42:48,,,,,,
,67,10:42:59,,,,,,
,67,10:43:01,,,,,,
,63,10:43:06,,,,,,
,64,10:43:09,,,,,,
,64,10:43:11,,,,,,
,63,10:43:16,,,,,,
,56,10:43:19,,,,,,
,58,10:43:21,,,,,,
,58,10:43:24,,,,,,
,73,10:43:29,,,,,,
,70,10:43:30,,,,,,
,71,10:43:31,,,,,,
,66,10:43:35,,,,,,
,69,10:43:38,,,,,,
,67,10:43:40,,,,,,
,66,10:43:43,,,,,,
,72,10:43:45,,,,,,
,69,10:43:50,,,,,,
,73,10:43:53,,,,,,
,62,10:43:55,,,,,,
,70,10:43:57,,,,,,
,68,10:44:00,,,,,,
,66,10:44:02,,,,,,
,65,10:44:04,,,,,,
,66,10:44:07,,,,,,
,64,10:44:10,,,,,,
,67,10:44:13,,,,,,
,60,10:44:19,,,,,,
,64,10:44:23,,,,,,
,58,10:44:27,,,,,,
,66,10:44:33,,,,,,
,62,10:44:37,,,,,,
,65,10:44:41,,,,,,
,62,10:44:44,,,,,,
,63,10:44:48,,,,,,
,63,10:44:51,,,,,,
,62,10:44:55,,,,,,
,64,10:44:59,,,,,,
,70,10:45:09,,,,,,
,68,10:45:11,,,,,,
,64,10:45:13,,,,,,
,66,10:45:16,,,,,,
,63,10:45:21,,,,,,
,60,10:45:24,,,,,,
,67,10:45:27,,,,,,
,63,10:45:32,,,,,,
,60,10:45:36,,,,,,
,60,10:45:38,,,,,,
,63,10:45:40,,,,,,
,73,10:45:43,,,,,,
,74,10:45:45,,,,,,
,66,10:45:47,,,,,,
,66,10:45:49,,,,,,
,64,10:45:51,,,,,,
,55,10:45:54,,,,,,
,55,10:45:59,,,,,,
,55,10:46:03,,,,,,
,56,10:46:06,,,,,,
,54,10:46:10,,,,,,
,76,10:46:15,,,,,,
,73,10:46:20,,,,,,
,64,10:46:24,,,,,,
,62,10:46:28,,,,,,
,63,10:46:31,,,,,,
,67,10:46:34,,,,,,
,70,10:46:40,,,,,,
,67,10:46:45,,,,,,
,65,10:46:48,,,,,,
,66,10:46:51,,,,,,
,63,10:46:54,,,,,,
,63,10:47:10,,,,,,
,61,10:47:17,,,,,,
,59,10:47:19,,,,,,
,63,10:47:22,,,,,,
,64,10:47:25,,,,,,
,63,10:47:26,,,,,,
,62,10:47:41,,,,,,
,65,10:47:47,,,,,,
,64,10:47:52,,,,,,
,69,10:47:58,,,,,,
,69,10:48:04,,,,,,
,62,10:48:08,,,,,,
,62,10:48:17,,,,,,
,62,10:48:21,,,,,,
,62,10:48:22,,,,,,
,63,10:48:24,,,,,,
,73,10:48:29,,,,,,
,70,10:48:32,,,,,,
,71,10:48:34,,,,,,
,67,10:48:40,,,,,,
,68,10:48:41,,,,,,
,69,10:48:43,,,,,,
,66,10:48:47,,,,,,
,68,10:48:50,,,,,,
,67,10:48:52,,,,,,
,66,10:48:59,,,,,,
,67,10:49:01,,,,,,
,62,10:49:08,,,,,,
,63,10:49:11,,,,,,
,61,10:49:13,,,,,,
,60,10:49:15,,,,,,
,62,10:49:20,,,,,,
,60,10:49:23,,,,,,
,59,10:49:26,,,,,,
,62,10:49:28,,,,,,
,69,10:49:30,,,,,,
,68,10:49:33,,,,,,
,68,10:49:38,,,,,,
,65,10:49:40,,,,,,
,61,10:49:43,,,,,,
,63,10:49:46,,,,,,
,58,10:49:50,,,,,,
,65,10:49:57,,,,,,
,64,10:50:03,,,,,,
,62,10:50:05,,,,,,
,62,10:50:08,,,,,,
,62,10:50:11,,,,,,
,61,10:50:14,,,,,,
,59,10:50:17,,,,,,
,57,10:50:18,,,,,,
,54,10:50:20,,,,,,
,59,10:50:23,,,,,,
,65,10:50:25,,,,,,
,61,10:50:30,,,,,,
,63,10:50:35,,,,,,
,60,10:50:38,,,,,,
,59,10:50:40,,,,,,
,58,10:50:42,,,,,,
,56,10:50:47,,,,,,
,56,10:50:49,,,,,,
,62,10:50:50,,,,,,
,58,10:50:53,,,,,,
,62,10:50:55,,,,,,
,64,10:50:57,,,,,,
,69,10:51:00,,,,,,
,69,10:51:04,,,,,,
,68,10:51:06,,,,,,
,61,10:51:15,,,,,,
,62,10:51:19,,,,,,
,58,10:51:21,,,,,,
,55,10:51:24,,,,,,
,56,10:51:28,,,,,,
,59,10:51:31,,,,,,
,59,10:51:36,,,,,,
,65,10:51:50,,,,,,
,66,10:51:52,,,,,,
,60,10:51:54,,,,,,
,58,10:51:57,,,,,,
,69,10:52:00,,,,,,
,68,10:52:06,,,,,,
,66,10:52:08,,,,,,
,65,10:52:14,,,,,,
,,,,,,,,
Spring Garden NB Lane 3,,,,,,,,
,53,10:56:03,,,,,,
,59,10:56:06,,,,,,
,59,10:56:10,,,,,,
,60,10:56:14,,,,,,
,63,10:56:24,,,,,,
,62,10:56:28,,,,,,
,59,10:56:32,,,,,,
,61,10:56:37,,,,,,
,59,10:56:40,,,,,,
,64,10:56:43,,,,,,
,61,10:56:55,,,,,,
,65,10:56:57,,,,,,
,55,10:57:00,,,,,,
,56,10:57:05,,,,,,
,57,10:57:08,,,,,,
,57,10:57:13,,,,,,
,61,10:57:18,,,,,,
,58,10:57:26,,,,,,
,56,10:57:43,,,,,,
,58,10:57:57,,,,,,
,57,10:58:06,,,,,,
,54,10:58:15,,,,,,
,67,10:58:19,,,,,,
,56,10:58:25,,,,,,
,54,10:58:28,,,,,,
,54,10:58:38,,,,,,
,57,10:58:44,,,,,,
,58,10:59:03,,,,,,
,51,10:59:11,,,,,,
,61,10:59:16,,,,,,
,60,10:59:18,,,,,,
,55,10:59:23,,,,,,
,53,10:59:29,,,,,,
,57,10:59:32,,,,,,
,52,10:59:37,,,,,,
,48,10:59:42,,,,,,
,49,10:59:52,,,,,,
,49,10:59:58,,,,,,
,60,11:00:01,,,,,,
,53,11:00:03,,,,,,
,52,11:00:09,,,,,,
,50,11:00:14,,,,,,
,56,11:00:34,,,,,,
,56,11:00:41,,,,,,
,57,11:00:45,,,,,,
,58,11:00:58,,,,,,
,54,11:01:00,,,,,,
,55,11:01:04,,,,,,
,54,11:01:09,,,,,,
,60,11:01:18,,,,,,
,60,11:01:19,,,,,,
,61,11:01:20,,,,,,
,59,11:01:22,,,,,,
,56,11:01:34,,,,,,
,54,11:01:42,,,,,,
,58,11:01:50,,,,,,
,53,11:01:54,,,,,,
,53,11:02:01,,,,,,
,55,11:02:03,,,,,,
,55,11:02:10,,,,,,
,52,11:02:11,,,,,,
,54,11:02:14,,,,,,
,64,11:02:19,,,,,,
,56,11:02:26,,,,,,
,54,11:02:30,,,,,,
,55,11:02:31,,,,,,
,53,11:02:35,,,,,,
,56,11:02:36,,,,,,
,56,11:02:40,,,,,,
,57,11:02:42,,,,,,
,55,11:02:43,,,,,,
,58,11:02:50,,,,,,
,54,11:03:00,,,,,,
,53,11:03:03,,,,,,
,51,11:03:07,,,,,,
,51,11:03:08,,,,,,
,51,11:03:10,,,,,,
,56,11:03:14,,,,,,
,56,11:03:24,,,,,,
,57,11:03:26,,,,,,
,59,11:03:30,,,,,,
,56,11:03:41,,,,,,
,53,11:03:47,,,,,,
,53,11:03:50,,,,,,
,53,11:04:01,,,,,,
,55,11:04:06,,,,,,
,56,11:04:13,,,,,,
,59,11:04:23,,,,,,
,56,11:04:33,,,,,,
,54,11:04:38,,,,,,
,53,11:04:43,,,,,,
,52,11:04:45,,,,,,
,57,11:04:48,,,,,,
,55,11:04:52,,,,,,
,60,11:04:58,,,,,,
,52,11:05:06,,,,,,
,56,11:05:11,,,,,,
,59,11:05:17,,,,,,
,52,11:05:23,,,,,,
,51,11:05:30,,,,,,
,49,11:05:34,,,,,,
,54,11:05:40,,,,,,
,51,11:05:42,,,,,,
,50,11:05:44,,,,,,
,52,11:05:49,,,,,,
,58,11:05:59,,,,,,
,60,11:06:02,,,,,,
,57,11:06:08,,,,,,
,57,11:06:15,,,,,,
,61,11:06:20,,,,,,
,59,11:06:24,,,,,,
,57,11:06:34,,,,,,
,55,11:06:42,,,,,,
,54,11:06:48,,,,,,
,54,11:06:52,,,,,,
,53,11:06:54,,,,,,
,50,11:07:03,,,,,,
,53,11:07:06,,,,,,
,57,11:07:17,,,,,,
,58,11:07:23,,,,,,
,55,11:07:28,,,,,,
,57,11:07:32,,,,,,
,58,11:07:46,,,,,,
,60,11:07:52,,,,,,
,64,11:07:55,,,,,,
,68,11:07:57,,,,,,
,67,11:07:59,,,,,,
,60,11:08:01,,,,,,
,59,11:08:03,,,,,,
,63,11:08:06,,,,,,
,58,11:08:30,,,,,,
,54,11:08:37,,,,,,
,61,11:08:39,,,,,,
,56,11:08:45,,,,,,
,56,11:08:48,,,,,,
,56,11:08:52,,,,,,
,58,11:08:55,,,,,,
,58,11:08:57,,,,,,
,61,11:09:00,,,,,,
,66,11:09:03,,,,,,
,58,11:09:06,,,,,,
,57,11:09:16,,,,,,
,58,11:09:17,,,,,,
,58,11:09:18,,,,,,
,55,11:09:21,,,,,,
,56,11:09:31,,,,,,
,56,11:09:34,,,,,,
,58,11:09:37,,,,,,
,53,11:09:46,,,,,,
,68,11:09:56,,,,,,
,64,11:10:01,,,,,,
,55,11:10:09,,,,,,
,55,11:10:17,,,,,,
,54,11:10:23,,,,,,
,53,11:10:32,,,,,,
,58,11:10:37,,,,,,
,57,11:10:39,,,,,,
,60,11:10:44,,,,,,
,51,11:10:55,,,,,,
,51,11:10:58,,,,,,
,51,11:10:59,,,,,,
,59,11:11:03,,,,,,
,52,11:11:08,,,,,,
,54,11:11:15,,,,,,
,55,11:11:17,,,,,,
,58,11:11:18,,,,,,
,53,11:11:21,,,,,,
,53,11:11:25,,,,,,
,52,11:11:28,,,,,,
,53,11:11:34,,,,,,
,51,11:11:36,,,,,,
,57,11:11:42,,,,,,
,56,11:11:47,,,,,,
,55,11:11:51,,,,,,
,54,11:11:53,,,,,,
,57,11:12:00,,,,,,
,51,11:12:04,,,,,,
,58,11:12:14,,,,,,
,56,11:12:19,,,,,,
,54,11:12:21,,,,,,
,51,11:12:24,,,,,,
,58,11:12:25,,,,,,
,66,11:12:30,,,,,,
,54,11:12:46,,,,,,
,51,11:12:52,,,,,,
,57,11:12:59,,,,,,
,59,11:13:09,,,,,,
,60,11:13:11,,,,,,
,60,11:13:20,,,,,,
,64,11:13:26,,,,,,
,59,11:13:34,,,,,,
,53,11:13:44,,,,,,
,55,11:13:52,,,,,,
,54,11:14:01,,,,,,
,55,11:14:05,,,,,,
,59,11:14:14,,,,,,
,60,11:14:22,,,,,,
,57,11:14:24,,,,,,
,56,11:14:32,,,,,,
,58,11:14:37,,,,,,
,57,11:14:41,,,,,,
,58,11:14:42,,,,,,
,52,11:14:48,,,,,,
,55,11:14:52,,,,,,
,55,11:14:54,,,,,,
,60,11:14:59,,,,,,
,53,11:15:14,,,,,,
,51,11:15:16,,,,,,
,57,11:15:23,,,,,,
,57,11:15:29,,,,,,
,56,11:15:38,,,,,,
,57,11:15:43,,,,,,
,59,11:15:47,,,,,,
,57,11:15:51,,,,,,
,61,11:15:57,,,,,,
,55,11:15:58,,,,,,
,56,11:16:05,,,,,,
,56,11:16:10,,,,,,
,57,11:16:14,,,,,,
,59,11:16:17,,,,,,
,58,11:16:19,,,,,,
,70,11:16:23,,,,,,
,55,11:16:28,,,,,,
,58,11:16:32,,,,,,
,58,11:16:35,,,,,,
,53,11:16:40,,,,,,
,58,11:16:46,,,,,,
,56,11:16:50,,,,,,
,56,11:16:52,,,,,,
,58,11:16:55,,,,,,
,59,11:16:58,,,,,,
,56,11:17:09,,,,,,
,54,11:17:13,,,,,,
,57,11:17:26,,,,,,
,58,11:17:28,,,,,,
,57,11:17:35,,,,,,
,56,11:17:36,,,,,,
,53,11:17:38,,,,,,
,56,11:17:41,,,,,,
,54,11:17:45,,,,,,
,52,11:17:48,,,,,,
,58,11:18:01,,,,,,
,59,11:18:04,,,,,,
,60,11:18:07,,,,,,
,57,11:18:08,,,,,,
,64,11:18:14,,,,,,
,63,11:18:17,,,,,,
,61,11:18:30,,,,,,
,55,11:18:34,,,,,,
,53,11:18:42,,,,,,
,51,11:18:43,,,,,,
,56,11:18:50,,,,,,
,54,11:18:52,,,,,,
,56,11:18:54,,,,,,
,55,11:18:57,,,,,,
,68,11:19:04,,,,,,
,52,11:19:07,,,,,,
,52,11:19:11,,,,,,
,52,11:19:17,,,,,,
,59,11:19:20,,,,,,
,52,11:19:24,,,,,,
,56,11:19:28,,,,,,
,56,11:19:31,,,,,,
,56,11:19:33,,,,,,
,58,11:19:44,,,,,,
,59,11:19:55,,,,,,
,52,11:20:01,,,,,,
,57,11:20:04,,,,,,
,57,11:20:11,,,,,,
,60,11:20:14,,,,,,
,57,11:20:16,,,,,,
,59,11:20:21,,,,,,
,56,11:20:25,,,,,,
,48,11:20:36,,,,,,
,54,11:20:39,,,,,,
,57,11:20:43,,,,,,
,53,11:20:45,,,,,,
,53,11:20:47,,,,,,
,68,11:20:51,,,,,,
,61,11:20:54,,,,,,
,58,11:21:00,,,,,,
,55,11:21:05,,,,,,
,55,11:21:13,,,,,,
,57,11:21:15,,,,,,
,54,11:21:20,,,,,,
,52,11:21:25,,,,,,
,61,11:21:31,,,,,,
,51,11:21:38,,,,,,
,49,11:21:49,,,,,,
,49,11:21:58,,,,,,
,50,11:22:01,,,,,,
,47,11:22:05,,,,,,
,51,11:22:07,,,,,,
,53,11:22:15,,,,,,
,50,11:22:20,,,,,,
,52,11:22:26,,,,,,
,55,11:22:37,,,,,,
,55,11:22:39,,,,,,
,52,11:22:50,,,,,,
,60,11:23:00,,,,,,
,55,11:23:08,,,,,,
,54,11:23:12,,,,,,
,51,11:23:23,,,,,,
,53,11:23:31,,,,,,
,54,11:23:36,,,,,,
,62,11:23:43,,,,,,
,61,11:23:46,,,,,,
,54,11:23:55,,,,,,
,53,11:24:05,,,,,,
,51,11:24:07,,,,,,
,49,11:24:11,,,,,,
,54,11:24:19,,,,,,
,54,11:24:28,,,,,,
,55,11:24:31,,,,,,
,54,11:24:37,,,,,,
,58,11:24:38,,,,,,
,57,11:24:43,,,,,,
,59,11:24:51,,,,,,
,53,11:25:03,,,,,,
,51,11:25:14,,,,,,
,56,11:25:16,,,,,,
,50,11:25:30,,,,,,
,57,11:25:44,,,,,,
,61,11:25:46,,,,,,
,55,11:25:52,,,,,,
,52,11:25:58,,,,,,
,54,11:26:03,,,,,,
,,,,,,,,
I-205 NB @ Park Place Lane 1,,,,,,,,
,62,12:45:32,,,,,,
,62,12:45:33,,,,,,
,61,12:45:35,,,,,,
,65,12:45:37,,,,,,
,63,12:45:42,,,,,,
,60,12:45:46,,,,,,
,61,12:45:49,,,,,,
,60,12:45:52,,,,,,
,56,12:45:53,,,,,,
,55,12:45:55,,,,,,
,53,12:45:57,,,,,,
,55,12:46:00,,,,,,
,58,12:46:05,,,,,,
,60,12:46:08,,,,,,
,62,12:46:15,,,,,,
,57,12:46:21,,,,,,
,60,12:46:25,,,,,,
,63,12:46:27,,,,,,
,63,12:46:28,,,,,,
,70,12:46:37,,,,,,
,68,12:46:37,,,,,,
,67,12:46:37,,,,,,
,67,12:46:39,,,,,,
,63,12:46:40,,,,,,
,66,12:46:42,,,,,,
,65,12:46:45,,,,,,
,63,12:46:48,,,,,,
,64,12:46:50,,,,,,
,64,12:46:53,,,,,,
,68,12:46:55,,,,,,
,67,12:46:58,,,,,,
,68,12:47:00,,,,,,
,69,12:47:02,,,,,,
,63,12:47:05,,,,,,
,65,12:47:08,,,,,,
,64,12:47:10,,,,,,
,60,12:47:14,,,,,,
,64,12:47:18,,,,,,
,65,12:47:19,,,,,,
,61,12:47:21,,,,,,
,61,12:47:22,,,,,,
,61,12:47:25,,,,,,
,61,12:47:27,,,,,,
,60,12:47:29,,,,,,
,58,12:47:33,,,,,,
,61,12:47:37,,,,,,
,63,12:47:50,,,,,,
,62,12:47:52,,,,,,
,64,12:47:54,,,,,,
,65,12:47:57,,,,,,
,64,12:48:00,,,,,,
,64,12:48:04,,,,,,
,63,12:48:07,,,,,,
,68,12:48:15,,,,,,
,66,12:48:16,,,,,,
,64,12:48:18,,,,,,
,68,12:48:20,,,,,,
,65,12:48:23,,,,,,
,65,12:48:26,,,,,,
,67,12:48:28,,,,,,
,62,12:48:30,,,,,,
,66,12:48:32,,,,,,
,67,12:48:34,,,,,,
,70,12:48:36,,,,,,
,64,12:48:38,,,,,,
,64,12:48:46,,,,,,
,63,12:48:49,,,,,,
,64,12:48:50,,,,,,
,69,12:48:55,,,,,,
,74,12:48:58,,,,,,
,73,12:49:04,,,,,,
,73,12:49:05,,,,,,
,71,12:49:09,,,,,,
,62,12:49:13,,,,,,
,62,12:49:18,,,,,,
,62,12:49:20,,,,,,
,62,12:49:24,,,,,,
,65,12:49:35,,,,,,
,71,12:49:38,,,,,,
,67,12:49:44,,,,,,
,62,12:49:46,,,,,,
,65,12:49:48,,,,,,
,61,12:49:51,,,,,,
,63,12:49:55,,,,,,
,57,12:49:57,,,,,,
,61,12:50:03,,,,,,
,61,12:50:04,,,,,,
,57,12:50:10,,,,,,
,60,12:50:15,,,,,,
,73,12:50:16,,,,,,
,64,12:50:20,,,,,,
,67,12:50:22,,,,,,
,63,12:50:28,,,,,,
,66,12:50:31,,,,,,
,65,12:50:37,,,,,,
,68,12:50:41,,,,,,
,66,12:50:45,,,,,,
,64,12:50:47,,,,,,
,67,12:50:53,,,,,,
,72,12:50:58,,,,,,
,71,12:51:01,,,,,,
,67,12:51:07,,,,,,
,65,12:51:14,,,,,,
,62,12:51:19,,,,,,
,61,12:51:21,,,,,,
,63,12:51:24,,,,,,
,60,12:51:44,,,,,,
,60,12:51:46,,,,,,
,64,12:51:50,,,,,,
,63,12:51:58,,,,,,
,60,12:52:01,,,,,,
,62,12:52:02,,,,,,
,65,12:52:05,,,,,,
,62,12:52:08,,,,,,
,65,12:52:12,,,,,,
,63,12:52:14,,,,,,
,63,12:52:17,,,,,,
,65,12:52:21,,,,,,
,67,12:52:31,,,,,,
,58,12:52:40,,,,,,
,62,12:52:42,,,,,,
,62,12:52:55,,,,,,
,65,12:52:57,,,,,,
,66,12:53:01,,,,,,
,66,12:53:05,,,,,,
,67,12:53:07,,,,,,
,69,12:53:09,,,,,,
,61,12:53:20,,,,,,
,62,12:53:21,,,,,,
,63,12:53:25,,,,,,
,64,12:53:25,,,,,,
,63,12:53:27,,,,,,
,63,12:53:28,,,,,,
,62,12:53:39,,,,,,
,60,12:53:43,,,,,,
,57,12:53:46,,,,,,
,59,12:53:51,,,,,,
,61,12:53:53,,,,,,
,61,12:53:54,,,,,,
,63,12:53:56,,,,,,
,66,12:53:59,,,,,,
,62,12:54:06,,,,,,
,60,12:54:07,,,,,,
,65,12:54:10,,,,,,
,67,12:54:12,,,,,,
,65,12:54:14,,,,,,
,63,12:54:15,,,,,,
,64,12:54:25,,,,,,
,73,12:54:33,,,,,,
,64,12:54:35,,,,,,
,61,12:54:36,,,,,,
,62,12:54:38,,,,,,
,62,12:54:39,,,,,,
,60,12:54:43,,,,,,
,61,12:54:45,,,,,,
,66,12:54:49,,,,,,
,63,12:54:51,,,,,,
,60,12:54:54,,,,,,
,57,12:54:59,,,,,,
,62,12:55:02,,,,,,
,65,12:55:06,,,,,,
,65,12:55:08,,,,,,
,75,12:55:10,,,,,,
,73,12:55:12,,,,,,
,63,12:55:19,,,,,,
,63,12:55:21,,,,,,
,67,12:55:22,,,,,,
,63,12:55:24,,,,,,
,63,12:55:29,,,,,,
,64,12:55:32,,,,,,
,71,12:55:35,,,,,,
,68,12:55:41,,,,,,
,72,12:55:43,,,,,,
,72,12:55:44,,,,,,
,63,12:55:45,,,,,,
,67,12:55:49,,,,,,
,63,12:55:54,,,,,,
,61,12:56:00,,,,,,
,61,12:56:01,,,,,,
,63,12:56:03,,,,,,
,63,12:56:06,,,,,,
,65,12:56:07,,,,,,
,65,12:56:09,,,,,,
,64,12:56:11,,,,,,
,64,12:56:40,,,,,,
,66,12:56:44,,,,,,
,67,12:56:47,,,,,,
,67,12:56:48,,,,,,
,66,12:56:50,,,,,,
,63,12:56:52,,,,,,
,67,12:56:53,,,,,,
,71,12:57:06,,,,,,
,59,12:57:08,,,,,,
,59,12:57:13,,,,,,
,63,12:57:19,,,,,,
,61,12:57:26,,,,,,
,58,12:57:28,,,,,,
,61,12:57:30,,,,,,
,65,12:57:37,,,,,,
,65,12:57:45,,,,,,
,63,12:57:56,,,,,,
,65,12:58:12,,,,,,
,68,12:58:14,,,,,,
,67,12:58:15,,,,,,
,59,12:58:19,,,,,,
,67,12:58:25,,,,,,
,67,12:58:40,,,,,,
,65,12:58:41,,,,,,
,66,12:58:45,,,,,,
,68,12:58:58,,,,,,
,71,12:59:02,,,,,,
,59,12:59:06,,,,,,
,59,12:59:07,,,,,,
,66,12:59:18,,,,,,
,67,12:59:26,,,,,,
,70,12:59:29,,,,,,
,73,12:59:34,,,,,,
,72,12:59:44,,,,,,
,70,12:59:51,,,,,,
,68,12:59:54,,,,,,
,70,12:59:56,,,,,,
,69,13:00:00,,,,,,
,65,13:00:01,,,,,,
,66,13:00:04,,,,,,
,62,13:00:06,,,,,,
,61,13:00:08,,,,,,
,61,13:00:12,,,,,,
,67,13:00:17,,,,,,
,65,13:00:18,,,,,,
,68,13:00:24,,,,,,
,65,13:00:26,,,,,,
,70,13:00:27,,,,,,
,70,13:00:32,,,,,,
,70,13:00:34,,,,,,
,63,13:00:40,,,,,,
,64,13:00:42,,,,,,
,63,13:00:46,,,,,,
,65,13:00:54,,,,,,
,68,13:00:56,,,,,,
,60,13:01:01,,,,,,
,63,13:01:04,,,,,,
,60,13:01:08,,,,,,
,65,13:01:10,,,,,,
,60,13:01:12,,,,,,
,61,13:01:14,,,,,,
,59,13:01:18,,,,,,
,59,13:01:20,,,,,,
,58,13:01:23,,,,,,
,62,13:01:26,,,,,,
,61,13:01:28,,,,,,
,60,13:01:29,,,,,,
,60,13:01:30,,,,,,
,57,13:01:36,,,,,,
,60,13:01:37,,,,,,
,61,13:01:42,,,,,,
,63,13:01:45,,,,,,
,66,13:01:51,,,,,,
,64,13:01:54,,,,,,
,64,13:01:55,,,,,,
,63,13:01:57,,,,,,
,68,13:02:03,,,,,,
,66,13:02:05,,,,,,
,65,13:02:07,,,,,,
,63,13:02:08,,,,,,
,66,13:02:10,,,,,,
,64,13:02:12,,,,,,
,63,13:02:13,,,,,,
,63,13:02:15,,,,,,
,63,13:02:18,,,,,,
,64,13:02:19,,,,,,
,66,13:02:20,,,,,,
,63,13:02:29,,,,,,
,65,13:02:30,,,,,,
,65,13:02:33,,,,,,
,62,13:02:35,,,,,,
,62,13:02:37,,,,,,
,63,13:02:42,,,,,,
,66,13:02:45,,,,,,
,61,13:02:49,,,,,,
,58,13:03:07,,,,,,
,60,13:03:09,,,,,,
,60,13:03:15,,,,,,
,64,13:03:16,,,,,,
,68,13:03:26,,,,,,
,68,13:03:27,,,,,,
,63,13:03:29,,,,,,
,65,13:03:33,,,,,,
,69,13:03:35,,,,,,
,73,13:03:37,,,,,,
,68,13:03:56,,,,,,
,62,13:04:07,,,,,,
,59,13:04:20,,,,,,
,62,13:04:23,,,,,,
,64,13:04:25,,,,,,
,62,13:04:28,,,,,,
,61,13:04:29,,,,,,
,65,13:04:31,,,,,,
,68,13:04:34,,,,,,
,66,13:04:35,,,,,,
,68,13:04:38,,,,,,
,63,13:04:56,,,,,,
,68,13:05:00,,,,,,
,68,13:05:10,,,,,,
,67,13:05:12,,,,,,
,60,13:05:18,,,,,,
,60,13:05:19,,,,,,
,59,13:05:20,,,,,,
,59,13:05:22,,,,,,
,59,13:05:23,,,,,,
,60,13:05:24,,,,,,
,66,13:05:26,,,,,,
,64,13:05:30,,,,,,
,62,13:05:32,,,,,,
,63,13:05:34,,,,,,
,60,13:05:35,,,,,,
,62,13:05:36,,,,,,
,65,13:05:40,,,,,,
,61,13:05:43,,,,,,
,63,13:05:44,,,,,,
,61,13:05:45,,,,,,
,67,13:05:56,,,,,,
,61,13:05:59,,,,,,
,61,13:06:00,,,,,,
,68,13:06:10,,,,,,
,64,13:06:16,,,,,,
,58,13:06:18,,,,,,
,58,13:06:19,,,,,,
,60,13:06:21,,,,,,
,64,13:06:23,,,,,,
,66,13:06:27,,,,,,
,64,13:06:29,,,,,,
,62,13:06:30,,,,,,
,67,13:06:31,,,,,,
,69,13:06:32,,,,,,
,67,13:06:37,,,,,,
,69,13:06:38,,,,,,
,71,13:06:40,,,,,,
,69,13:06:41,,,,,,
,65,13:06:43,,,,,,
,63,13:06:44,,,,,,
,64,13:06:47,,,,,,
,66,13:06:48,,,,,,
,70,13:06:55,,,,,,
,71,13:07:02,,,,,,
,70,13:07:12,,,,,,
,61,13:07:14,,,,,,
,65,13:07:16,,,,,,
,63,13:07:20,,,,,,
,63,13:07:21,,,,,,
,60,13:07:23,,,,,,
,60,13:07:28,,,,,,
,65,13:07:35,,,,,,
,62,13:07:37,,,,,,
,62,13:07:40,,,,,,
,66,13:07:45,,,,,,
,64,13:07:48,,,,,,
,65,13:07:50,,,,,,
,54,13:07:57,,,,,,
,58,13:07:57,,,,,,
,55,13:07:59,,,,,,
,55,13:08:01,,,,,,
,56,13:08:02,,,,,,
,58,13:08:03,,,,,,
,55,13:08:05,,,,,,
,51,13:08:07,,,,,,
,49,13:08:10,,,,,,
,52,13:08:12,,,,,,
,70,13:08:21,,,,,,
,71,13:08:26,,,,,,
,68,13:08:28,,,,,,
,66,13:08:29,,,,,,
,68,13:08:31,,,,,,
,67,13:08:36,,,,,,
,64,13:08:38,,,,,,
,65,13:08:41,,,,,,
,64,13:08:43,,,,,,
,72,13:08:49,,,,,,
,71,13:08:55,,,,,,
,59,13:09:00,,,,,,
,63,13:09:01,,,,,,
,67,13:09:06,,,,,,
,64,13:09:07,,,,,,
,66,13:09:07,,,,,,
,67,13:09:12,,,,,,
,67,13:09:14,,,,,,
,62,13:09:18,,,,,,
,63,13:09:23,,,,,,
,64,13:09:30,,,,,,
,66,13:09:32,,,,,,
,64,13:09:34,,,,,,
,67,13:09:38,,,,,,
,66,13:09:40,,,,,,
,65,13:09:51,,,,,,
,61,13:09:53,,,,,,
,60,13:09:58,,,,,,
,62,13:10:02,,,,,,
,57,13:10:04,,,,,,
,59,13:10:06,,,,,,
,60,13:10:09,,,,,,
,66,13:10:13,,,,,,
,60,13:10:20,,,,,,
,56,13:10:20,,,,,,
,57,13:10:22,,,,,,
,61,13:10:24,,,,,,
,58,13:10:26,,,,,,
,62,13:10:28,,,,,,
,65,13:10:34,,,,,,
,62,13:10:36,,,,,,
,61,13:10:37,,,,,,
,60,13:10:39,,,,,,
,59,13:10:40,,,,,,
,63,13:10:41,,,,,,
,67,13:10:49,,,,,,
,65,13:10:50,,,,,,
,60,13:10:54,,,,,,
,60,13:11:01,,,,,,
,57,13:11:02,,,,,,
,64,13:11:07,,,,,,
,63,13:11:09,,,,,,
,61,13:11:16,,,,,,
,61,13:11:19,,,,,,
,64,13:11:22,,,,,,
,64,13:11:25,,,,,,
,65,13:11:26,,,,,,
,65,13:11:29,,,,,,
,63,13:11:31,,,,,,
,60,13:11:33,,,,,,
,56,13:11:34,,,,,,
,62,13:11:36,,,,,,
,63,13:11:38,,,,,,
,64,13:11:41,,,,,,
,63,13:11:42,,,,,,
,67,13:11:44,,,,,,
,71,13:11:51,,,,,,
,68,13:11:56,,,,,,
,68,13:11:57,,,,,,
,63,13:12:01,,,,,,
,64,13:12:12,,,,,,
,62,13:12:15,,,,,,
,62,13:12:16,,,,,,
,64,13:12:20,,,,,,
,67,13:12:22,,,,,,
,65,13:12:23,,,,,,
,66,13:12:24,,,,,,
,61,13:12:35,,,,,,
,60,13:12:36,,,,,,
,58,13:12:38,,,,,,
,61,13:12:41,,,,,,
,65,13:12:42,,,,,,
,61,13:12:45,,,,,,
,64,13:12:48,,,,,,
,63,13:12:49,,,,,,
,61,13:12:52,,,,,,
,61,13:12:55,,,,,,
,62,13:12:57,,,,,,
,62,13:12:59,,,,,,
,67,13:13:04,,,,,,
,67,13:13:05,,,,,,
,66,13:13:07,,,,,,
,62,13:13:09,,,,,,
,64,13:13:12,,,,,,
,60,13:13:21,,,,,,
,1,13:13:23,,,,,,
,63,13:13:24,,,,,,
,66,13:13:25,,,,,,
,65,13:13:28,,,,,,
,65,13:13:30,,,,,,
,70,13:13:34,,,,,,
,67,13:13:36,,,,,,
,63,13:13:40,,,,,,
,63,13:13:41,,,,,,
,64,13:13:43,,,,,,
,64,13:13:44,,,,,,
,62,13:13:50,,,,,,
,63,13:13:53,,,,,,
,64,13:13:55,,,,,,
,57,13:13:58,,,,,,
,55,13:14:00,,,,,,
,55,13:14:02,,,,,,
,55,13:14:03,,,,,,
,64,13:14:06,,,,,,
,61,13:14:09,,,,,,
,63,13:14:11,,,,,,
,66,13:14:14,,,,,,
,66,13:14:15,,,,,,
,67,13:14:17,,,,,,
,66,13:14:20,,,,,,
,64,13:14:21,,,,,,
,65,13:14:23,,,,,,
,62,13:14:26,,,,,,
,65,13:14:27,,,,,,
,65,13:14:28,,,,,,
,66,13:14:32,,,,,,
,64,13:14:34,,,,,,
,65,13:14:35,,,,,,
,64,13:14:37,,,,,,
,65,13:14:40,,,,,,
,63,13:14:43,,,,,,
,66,13:14:45,,,,,,
,62,13:14:48,,,,,,
,66,13:14:50,,,,,,
,65,13:14:52,,,,,,
,63,13:14:54,,,,,,
,63,13:14:55,,,,,,
,62,13:14:57,,,,,,
,57,13:15:02,,,,,,
,55,13:15:04,,,,,,
,57,13:15:07,,,,,,
,59,13:15:09,,,,,,
I-205 NB @ Park Place Lane 3,59,13:21:46,,,,,,
,58,13:21:50,,,,,,
,63,13:21:55,,,,,,
,55,13:22:04,,,,,,
,66,13:22:14,,,,,,
,59,13:22:24,,,,,,
,56,13:22:28,,,,,,
,55,13:22:30,,,,,,
,74,13:22:37,,,,,,
,69,13:22:39,,,,,,
,57,13:22:44,,,,,,
,55,13:22:47,,,,,,
,65,13:22:52,,,,,,
,61,13:22:55,,,,,,
,62,13:22:58,,,,,,
,59,13:23:00,,,,,,
,59,13:23:02,,,,,,
,56,13:23:05,,,,,,
,57,13:23:09,,,,,,
,54,13:23:12,,,,,,
,58,13:23:21,,,,,,
,53,13:23:26,,,,,,
,63,13:23:31,,,,,,
,51,13:23:39,,,,,,
,53,13:23:40,,,,,,
,56,13:23:42,,,,,,
,54,13:23:47,,,,,,
,61,13:24:06,,,,,,
,59,13:24:09,,,,,,
,61,13:24:12,,,,,,
,69,13:24:21,,,,,,
,60,13:24:23,,,,,,
,60,13:24:31,,,,,,
,58,13:24:34,,,,,,
,71,13:24:39,,,,,,
,53,13:24:43,,,,,,
,53,13:24:44,,,,,,
,54,13:24:47,,,,,,
,53,13:24:49,,,,,,
,57,13:24:50,,,,,,
,61,13:24:59,,,,,,
,56,13:25:02,,,,,,
,54,13:25:05,,,,,,
,53,13:25:11,,,,,,
,52,13:25:13,,,,,,
,48,13:25:18,,,,,,
,48,13:25:19,,,,,,
,55,13:25:21,,,,,,
,53,13:25:24,,,,,,
,58,13:25:25,,,,,,
,59,13:25:27,,,,,,
,61,13:25:32,,,,,,
,58,13:25:37,,,,,,
,58,13:25:39,,,,,,
,53,13:25:47,,,,,,
,53,13:25:50,,,,,,
,53,13:25:52,,,,,,
,55,13:25:54,,,,,,
,55,13:25:57,,,,,,
,61,13:26:02,,,,,,
,64,13:26:04,,,,,,
,64,13:26:06,,,,,,
,55,13:26:09,,,,,,
,52,13:26:10,,,,,,
,67,13:26:17,,,,,,
,54,13:26:32,,,,,,
,53,13:26:33,,,,,,
,51,13:26:36,,,,,,
,50,13:26:39,,,,,,
,56,13:26:40,,,,,,
,55,13:26:46,,,,,,
,54,13:26:48,,,,,,
,55,13:26:50,,,,,,
,55,13:26:53,,,,,,
,60,13:26:55,,,,,,
,56,13:26:58,,,,,,
,59,13:27:00,,,,,,
,61,13:27:05,,,,,,
,60,13:27:07,,,,,,
,56,13:27:11,,,,,,
,59,13:27:16,,,,,,
,61,13:27:18,,,,,,
,62,13:27:24,,,,,,
,54,13:27:33,,,,,,
,61,13:27:55,,,,,,
,56,13:28:09,,,,,,
,54,13:28:11,,,,,,
,60,13:28:14,,,,,,
,55,13:28:16,,,,,,
,61,13:28:18,,,,,,
,73,13:28:21,,,,,,
,62,13:28:23,,,,,,
,62,13:28:25,,,,,,
,62,13:28:28,,,,,,
,63,13:28:32,,,,,,
,63,13:28:40,,,,,,
,55,13:28:44,,,,,,
,61,13:28:46,,,,,,
,58,13:28:50,,,,,,
,60,13:28:54,,,,,,
,55,13:29:11,,,,,,
,56,13:29:13,,,,,,
,64,13:29:20,,,,,,
,70,13:29:24,,,,,,
,58,13:29:25,,,,,,
,63,13:29:35,,,,,,
,54,13:30:02,,,,,,
,53,13:30:04,,,,,,
,52,13:30:06,,,,,,
,52,13:30:11,,,,,,
,57,13:30:12,,,,,,
,63,13:30:16,,,,,,
,52,13:30:19,,,,,,
,54,13:30:22,,,,,,
,53,13:30:24,,,,,,
,52,13:30:26,,,,,,
,59,13:30:36,,,,,,
,56,13:30:40,,,,,,
,52,13:30:44,,,,,,
,58,13:30:50,,,,,,
,59,13:30:55,,,,,,
,54,13:31:12,,,,,,
,59,13:31:22,,,,,,
,64,13:31:25,,,,,,
,55,13:31:27,,,,,,
,58,13:31:28,,,,,,
,57,13:31:33,,,,,,
,62,13:31:43,,,,,,
,57,13:31:54,,,,,,
,53,13:32:04,,,,,,
,54,13:32:13,,,,,,
,60,13:32:15,,,,,,
,65,13:32:17,,,,,,
,59,13:32:20,,,,,,
,47,13:32:34,,,,,,
,57,13:32:36,,,,,,
,55,13:32:37,,,,,,
,54,13:32:45,,,,,,
,62,13:32:49,,,,,,
,58,13:32:53,,,,,,
,55,13:33:09,,,,,,
,49,13:33:16,,,,,,
,55,13:33:20,,,,,,
,55,13:33:26,,,,,,
,53,13:33:27,,,,,,
,54,13:33:29,,,,,,
,57,13:33:31,,,,,,
,52,13:33:34,,,,,,
,56,13:33:38,,,,,,
,57,13:33:41,,,,,,
,54,13:33:43,,,,,,
,56,13:33:50,,,,,,
,55,13:33:53,,,,,,
,53,13:33:56,,,,,,
,55,13:33:59,,,,,,
,59,13:34:11,,,,,,
,57,13:34:15,,,,,,
,56,13:34:16,,,,,,
,56,13:34:18,,,,,,
,61,13:34:22,,,,,,
,57,13:34:25,,,,,,
,54,13:34:51,,,,,,
,55,13:34:52,,,,,,
,65,13:34:56,,,,,,
,58,13:35:12,,,,,,
,59,13:35:20,,,,,,
,60,13:35:23,,,,,,
,59,13:35:25,,,,,,
,60,13:35:26,,,,,,
,64,13:35:29,,,,,,
,64,13:35:31,,,,,,
,59,13:35:32,,,,,,
,66,13:35:43,,,,,,
,64,13:35:49,,,,,,
,57,13:35:56,,,,,,
,58,13:35:58,,,,,,
,64,13:36:07,,,,,,
,61,13:36:10,,,,,,
,61,13:36:11,,,,,,
,59,13:36:13,,,,,,
,60,13:36:18,,,,,,
,55,13:36:24,,,,,,
,52,13:36:26,,,,,,
,56,13:36:34,,,,,,
,60,13:36:36,,,,,,
,57,13:36:38,,,,,,
,59,13:36:40,,,,,,
,57,13:36:42,,,,,,
,60,13:36:45,,,,,,
,57,13:36:48,,,,,,
,56,13:36:51,,,,,,
,55,13:36:52,,,,,,
,54,13:36:54,,,,,,
,56,13:36:56,,,,,,
,54,13:36:58,,,,,,
,59,13:37:06,,,,,,
,62,13:37:10,,,,,,
,59,13:37:14,,,,,,
,62,13:37:23,,,,,,
,63,13:37:26,,,,,,
,61,13:37:38,,,,,,
,59,13:37:45,,,,,,
,60,13:37:47,,,,,,
,59,13:37:49,,,,,,
,63,13:38:03,,,,,,
,65,13:38:05,,,,,,
,60,13:38:07,,,,,,
,60,13:38:18,,,,,,
,66,13:38:24,,,,,,
,56,13:38:38,,,,,,
,55,13:38:39,,,,,,
,54,13:38:41,,,,,,
,59,13:38:56,,,,,,
,59,13:39:07,,,,,,
,55,13:39:08,,,,,,
,57,13:39:11,,,,,,
,52,13:39:21,,,,,,
,54,13:39:28,,,,,,
,55,13:39:30,,,,,,
,51,13:39:31,,,,,,
,70,13:39:34,,,,,,
,56,13:39:41,,,,,,
,62,13:39:48,,,,,,
,54,13:39:56,,,,,,
,57,13:39:59,,,,,,
,50,13:40:02,,,,,,
,55,13:40:03,,,,,,
,54,13:40:05,,,,,,
,58,13:40:06,,,,,,
,56,13:40:08,,,,,,
,60,13:40:18,,,,,,
,53,13:40:24,,,,,,
,52,13:40:26,,,,,,
,54,13:40:28,,,,,,
,54,13:40:33,,,,,,
,55,13:40:38,,,,,,
,51,13:40:40,,,,,,
,51,13:40:42,,,,,,
,48,13:40:44,,,,,,
,53,13:40:45,,,,,,
,57,13:40:50,,,,,,
,56,13:40:51,,,,,,
,54,13:40:56,,,,,,
,55,13:40:57,,,,,,
,56,13:41:00,,,,,,
,60,13:41:17,,,,,,
,58,13:41:20,,,,,,
,52,13:41:22,,,,,,
,59,13:41:25,,,,,,
,63,13:41:33,,,,,,
,60,13:41:34,,,,,,
,63,13:41:45,,,,,,
,54,13:41:48,,,,,,
,55,13:41:50,,,,,,
,58,13:41:53,,,,,,
,59,13:42:01,,,,,,
,59,13:42:04,,,,,,
,57,13:42:08,,,,,,
,61,13:42:09,,,,,,
,59,13:42:14,,,,,,
,62,13:42:16,,,,,,
,63,13:42:18,,,,,,
,71,13:42:21,,,,,,
,67,13:42:23,,,,,,
,62,13:42:35,,,,,,
,59,13:42:37,,,,,,
,57,13:42:39,,,,,,
,55,13:42:41,,,,,,
,55,13:42:42,,,,,,
,60,13:42:46,,,,,,
,59,13:42:50,,,,,,
,57,13:42:52,,,,,,
,56,13:42:57,,,,,,
,58,13:43:02,,,,,,
,59,13:43:06,,,,,,
,56,13:43:08,,,,,,
,61,13:43:15,,,,,,
,59,13:43:17,,,,,,
,55,13:43:24,,,,,,
,60,13:43:31,,,,,,
,64,13:43:36,,,,,,
,56,13:43:43,,,,,,
,63,13:43:45,,,,,,
,65,13:43:48,,,,,,
,55,13:43:58,,,,,,
,59,13:44:04,,,,,,
,52,13:44:05,,,,,,
,62,13:44:07,,,,,,
,65,13:44:09,,,,,,
,58,13:44:11,,,,,,
,52,13:44:13,,,,,,
,55,13:44:15,,,,,,
,51,13:44:18,,,,,,
,53,13:44:19,,,,,,
,52,13:44:20,,,,,,
,54,13:44:22,,,,,,
,51,13:44:31,,,,,,
,60,13:44:40,,,,,,
,55,13:44:43,,,,,,
,55,13:44:46,,,,,,
,54,13:44:56,,,,,,
,55,13:44:59,,,,,,
,56,13:45:00,,,,,,
,61,13:45:02,,,,,,
,61,13:45:04,,,,,,
,64,13:45:05,,,,,,
,55,13:45:11,,,,,,
,53,13:45:13,,,,,,
,57,13:45:16,,,,,,
,57,13:45:18,,,,,,
,64,13:45:23,,,,,,
,57,13:45:26,,,,,,
,61,13:45:29,,,,,,
,56,13:45:32,,,,,,
,56,13:45:34,,,,,,
,59,13:45:39,,,,,,
,54,13:45:42,,,,,,
,56,13:45:45,,,,,,
,54,13:45:47,,,,,,
,52,13:45:49,,,,,,
,50,13:45:54,,,,,,
,61,13:45:55,,,,,,
,55,13:45:58,,,,,,
,56,13:46:00,,,,,,
,54,13:46:09,,,,,,
,53,13:46:19,,,,,,
,62,13:46:20,,,,,,
,56,13:46:22,,,,,,
,65,13:46:33,,,,,,
,61,13:46:35,,,,,,
,60,13:46:37,,,,,,
,60,13:46:38,,,,,,
,59,13:46:43,,,,,,
,57,13:46:47,,,,,,
,61,13:46:52,,,,,,
,56,13:46:57,,,,,,
,58,13:47:00,,,,,,
,56,13:47:01,,,,,,
,63,13:47:04,,,,,,
,62,13:47:06,,,,,,
,62,13:47:10,,,,,,
,62,13:47:12,,,,,,
,63,13:47:17,,,,,,
,49,13:47:30,,,,,,
,49,13:47:33,,,,,,
,49,13:47:34,,,,,,
,49,13:47:35,,,,,,
,48,13:47:36,,,,,,
,56,13:47:41,,,,,,
,55,13:47:43,,,,,,
,61,13:47:53,,,,,,
,56,13:47:54,,,,,,
,58,13:48:03,,,,,,
,56,13:48:17,,,,,,
,55,13:48:19,,,,,,
,63,13:48:30,,,,,,
,57,13:48:39,,,,,,
,54,13:48:50,,,,,,
,57,13:48:56,,,,,,
,59,13:49:01,,,,,,
,56,13:49:04,,,,,,
,54,13:49:06,,,,,,
,58,13:49:10,,,,,,
,61,13:49:14,,,,,,
,58,13:49:16,,,,,,
,54,13:49:17,,,,,,
,52,13:49:19,,,,,,
,51,13:49:22,,,,,,
,54,13:49:25,,,,,,
,65,13:49:27,,,,,,
,56,13:49:33,,,,,,
,54,13:49:41,,,,,,
,59,13:49:47,,,,,,
,62,13:49:58,,,,,,
,57,13:50:00,,,,,,
,53,13:50:03,,,,,,
,58,13:50:08,,,,,,
,62,13:50:17,,,,,,
,51,13:50:30,,,,,,
,58,13:50:32,,,,,,
,58,13:50:34,,,,,,
,60,13:50:43,,,,,,
,58,13:50:56,,,,,,
,58,13:50:59,,,,,,
,56,13:51:02,,,,,,
,59,13:51:13,,,,,,
,55,13:51:15,,,,,,
,56,13:51:18,,,,,,
,61,13:51:28,,,,,,
,56,13:51:29,,,,,,
,58,13:51:41,,,,,,
,,,,,,,,
I-84 WB @ 33rd - Lane 3,,,,,,,,
,50,14:52:27,,,,,,
,45,14:52:32,,,,,,
,45,14:52:35,,,,,,
,48,14:52:37,,,,,,
,57,14:52:42,,,,,,
,48,14:52:48,,,,,,
,48,14:52:50,,,,,,
,51,14:52:52,,,,,,
,54,14:52:54,,,,,,
,54,14:52:57,,,,,,
,48,14:53:04,,,,,,
,58,14:53:08,,,,,,
,61,14:53:12,,,,,,
,57,14:53:20,,,,,,
,57,14:53:23,,,,,,
,54,14:53:25,,,,,,
,48,14:53:32,,,,,,
,46,14:53:34,,,,,,
,47,14:53:39,,,,,,
,53,14:53:44,,,,,,
,51,14:53:46,,,,,,
,53,14:54:00,,,,,,
,68,14:54:03,,,,,,
,53,14:54:10,,,,,,
,55,14:54:17,,,,,,
,56,14:54:28,,,,,,
,56,14:54:33,,,,,,
,59,14:54:36,,,,,,
,51,14:54:47,,,,,,
,52,14:54:54,,,,,,
,49,14:55:04,,,,,,
,47,14:55:07,,,,,,
,50,14:55:10,,,,,,
,46,14:55:12,,,,,,
,46,14:55:20,,,,,,
,48,14:55:22,,,,,,
,48,14:55:29,,,,,,
,41,14:55:35,,,,,,
,45,14:55:37,,,,,,
,44,14:55:38,,,,,,
,44,14:55:40,,,,,,
,47,14:55:42,,,,,,
,42,14:55:43,,,,,,
,43,14:55:44,,,,,,
,51,14:55:52,,,,,,
,44,14:55:56,,,,,,
,44,14:55:58,,,,,,
,46,14:56:00,,,,,,
,42,14:56:06,,,,,,
,37,14:56:08,,,,,,
,35,14:56:11,,,,,,
,35,14:56:16,,,,,,
,32,14:56:18,,,,,,
,45,14:56:22,,,,,,
,48,14:56:27,,,,,,
,57,14:56:31,,,,,,
,58,14:56:38,,,,,,
,56,14:56:40,,,,,,
,57,14:56:41,,,,,,
,58,14:56:43,,,,,,
,59,14:56:52,,,,,,
,53,14:57:01,,,,,,
,58,14:57:05,,,,,,
,49,14:57:09,,,,,,
,48,14:57:19,,,,,,
,47,14:57:22,,,,,,
,49,14:57:24,,,,,,
,51,14:57:27,,,,,,
,53,14:57:30,,,,,,
,53,14:57:39,,,,,,
,57,14:57:41,,,,,,
,55,14:57:44,,,,,,
,55,14:57:45,,,,,,
,51,14:57:57,,,,,,
,52,14:57:59,,,,,,
,52,14:58:04,,,,,,
,52,14:58:26,,,,,,
,54,14:58:28,,,,,,
,50,14:58:30,,,,,,
,55,14:58:33,,,,,,
,56,14:58:41,,,,,,
,61,14:58:48,,,,,,
,60,14:58:50,,,,,,
,63,14:58:55,,,,,,
,64,14:59:01,,,,,,
,46,14:59:13,,,,,,
,54,14:59:14,,,,,,
,49,14:59:29,,,,,,
,45,14:59:34,,,,,,
,53,14:59:40,,,,,,
,61,14:59:42,,,,,,
,48,14:59:48,,,,,,
,48,14:59:50,,,,,,
,58,15:00:01,,,,,,
,55,15:00:05,,,,,,
,52,15:00:19,,,,,,
,51,15:00:21,,,,,,
,55,15:00:22,,,,,,
,54,15:00:24,,,,,,
,54,15:00:27,,,,,,
,50,15:00:30,,,,,,
,54,15:00:38,,,,,,
,54,15:00:41,,,,,,
,52,15:00:43,,,,,,
,51,15:00:45,,,,,,
,51,15:00:52,,,,,,
,46,15:00:55,,,,,,
,47,15:01:00,,,,,,
,48,15:01:01,,,,,,
,51,15:01:04,,,,,,
,58,15:01:14,,,,,,
,52,15:01:19,,,,,,
,45,15:01:31,,,,,,
,61,15:01:37,,,,,,
,45,15:01:40,,,,,,
,49,15:01:47,,,,,,
,55,15:01:52,,,,,,
,49,15:01:53,,,,,,
,51,15:01:56,,,,,,
,53,15:02:00,,,,,,
,57,15:02:02,,,,,,
,60,15:02:09,,,,,,
,57,15:02:15,,,,,,
,60,15:02:32,,,,,,
,69,15:02:38,,,,,,
,52,15:02:39,,,,,,
,50,15:02:48,,,,,,
,51,15:02:51,,,,,,
,49,15:03:02,,,,,,
,47,15:03:03,,,,,,
,52,15:03:05,,,,,,
,51,15:03:15,,,,,,
,52,15:03:19,,,,,,
,54,15:03:22,,,,,,
,55,15:03:24,,,,,,
,58,15:03:30,,,,,,
,57,15:03:32,,,,,,
,54,15:03:35,,,,,,
,54,15:03:40,,,,,,
,56,15:03:54,,,,,,
,61,15:04:00,,,,,,
,50,15:04:07,,,,,,
,50,15:04:11,,,,,,
,46,15:04:22,,,,,,
,57,15:04:29,,,,,,
,47,15:04:35,,,,,,
,45,15:04:43,,,,,,
,45,15:04:49,,,,,,
,48,15:04:51,,,,,,
,49,15:04:52,,,,,,
,50,15:04:55,,,,,,
,55,15:05:00,,,,,,
,46,15:05:05,,,,,,
,51,15:05:10,,,,,,
,51,15:05:11,,,,,,
,60,15:05:21,,,,,,
,52,15:05:26,,,,,,
,64,15:05:30,,,,,,
,48,15:05:33,,,,,,
,50,15:05:36,,,,,,
,50,15:05:43,,,,,,
,47,15:05:50,,,,,,
,50,15:05:52,,,,,,
,51,15:05:57,,,,,,
,51,15:05:58,,,,,,
,50,15:06:00,,,,,,
,49,15:06:06,,,,,,
,53,15:06:08,,,,,,
,50,15:06:16,,,,,,
,50,15:06:20,,,,,,
,49,15:06:22,,,,,,
,48,15:06:28,,,,,,
,47,15:06:35,,,,,,
,46,15:06:45,,,,,,
,50,15:06:47,,,,,,
,58,15:06:52,,,,,,
,56,15:06:59,,,,,,
,55,15:07:01,,,,,,
,56,15:07:03,,,,,,
,59,15:07:04,,,,,,
,59,15:07:12,,,,,,
,50,15:07:27,,,,,,
,51,15:07:31,,,,,,
,51,15:07:33,,,,,,
,49,15:07:38,,,,,,
,49,15:07:50,,,,,,
,48,15:07:53,,,,,,
,54,15:07:54,,,,,,
,52,15:07:58,,,,,,
,49,15:08:00,,,,,,
,48,15:08:03,,,,,,
,60,15:08:06,,,,,,
,53,15:08:08,,,,,,
,45,15:08:11,,,,,,
,46,15:08:13,,,,,,
,48,15:08:17,,,,,,
,50,15:08:18,,,,,,
,54,15:08:21,,,,,,
,56,15:08:23,,,,,,
,55,15:08:24,,,,,,
,57,15:08:32,,,,,,
,60,15:08:34,,,,,,
,49,15:08:39,,,,,,
,59,15:08:44,,,,,,
,53,15:08:48,,,,,,
,54,15:08:50,,,,,,
,61,15:08:53,,,,,,
,54,15:08:54,,,,,,
,53,15:08:57,,,,,,
,47,15:08:59,,,,,,
,50,15:09:09,,,,,,
,54,15:09:10,,,,,,
,55,15:09:13,,,,,,
,54,15:09:15,,,,,,
,53,15:09:19,,,,,,
,50,15:09:19,,,,,,
,51,15:09:21,,,,,,
,57,15:09:29,,,,,,
,64,15:09:39,,,,,,
,51,15:09:54,,,,,,
,51,15:09:56,,,,,,
,58,15:10:07,,,,,,
,51,15:10:11,,,,,,
,53,15:10:28,,,,,,
,60,15:10:31,,,,,,
,59,15:10:43,,,,,,
,58,15:10:44,,,,,,
,53,15:10:54,,,,,,
,50,15:11:02,,,,,,
,54,15:11:12,,,,,,
,48,15:11:22,,,,,,
,56,15:11:26,,,,,,
,52,15:11:28,,,,,,
,52,15:11:32,,,,,,
,54,15:11:38,,,,,,
,53,15:11:44,,,,,,
,54,15:11:48,,,,,,
,50,15:12:11,,,,,,
,54,15:12:18,,,,,,
,43,15:12:21,,,,,,
,42,15:12:23,,,,,,
,46,15:12:27,,,,,,
,49,15:12:34,,,,,,
,52,15:12:41,,,,,,
,48,15:12:47,,,,,,
,53,15:12:53,,,,,,
,52,15:12:57,,,,,,
,49,15:13:00,,,,,,
,51,15:13:02,,,,,,
,52,15:13:04,,,,,,
,52,15:13:05,,,,,,
,52,15:13:09,,,,,,
,57,15:13:14,,,,,,
,48,15:13:20,,,,,,
,46,15:13:28,,,,,,
,50,15:13:33,,,,,,
,46,15:13:43,,,,,,
,53,15:13:44,,,,,,
,58,15:13:49,,,,,,
,52,15:13:52,,,,,,
,52,15:13:54,,,,,,
,52,15:13:56,,,,,,
,49,15:14:00,,,,,,
,50,15:14:04,,,,,,
,54,15:14:11,,,,,,
,60,15:14:13,,,,,,
,58,15:14:18,,,,,,
,57,15:14:19,,,,,,
,56,15:14:20,,,,,,
,54,15:14:22,,,,,,
,59,15:14:30,,,,,,
,48,15:14:36,,,,,,
,54,15:14:41,,,,,,
,47,15:14:44,,,,,,
,47,15:14:48,,,,,,
,57,15:14:55,,,,,,
,57,15:14:59,,,,,,
,57,15:15:07,,,,,,
,59,15:15:10,,,,,,
,58,15:15:13,,,,,,
,45,15:15:24,,,,,,
,50,15:15:32,,,,,,
,52,15:15:33,,,,,,
,56,15:15:42,,,,,,
,53,15:15:44,,,,,,
,50,15:16:00,,,,,,
,49,15:16:02,,,,,,
,50,15:16:04,,,,,,
,51,15:16:15,,,,,,
,52,15:16:18,,,,,,
,57,15:16:33,,,,,,
,52,15:16:34,,,,,,
,53,15:16:37,,,,,,
,56,15:16:39,,,,,,
,45,15:16:49,,,,,,
,39,15:16:54,,,,,,
,53,15:17:00,,,,,,
,46,15:17:04,,,,,,
,42,15:17:09,,,,,,
,40,15:17:11,,,,,,
,45,15:17:15,,,,,,
,48,15:17:17,,,,,,
,53,15:17:21,,,,,,
,50,15:17:29,,,,,,
,50,15:17:29,,,,,,
,61,15:17:33,,,,,,
,63,15:17:39,,,,,,
,55,15:17:42,,,,,,
,52,15:17:46,,,,,,
,55,15:17:50,,,,,,
,59,15:17:53,,,,,,
,51,15:17:57,,,,,,
,54,15:17:59,,,,,,
,52,15:18:00,,,,,,
,52,15:18:01,,,,,,
,53,15:18:04,,,,,,
,45,15:18:13,,,,,,
,45,15:18:14,,,,,,
,45,15:18:16,,,,,,
,50,15:18:20,,,,,,
,44,15:18:29,,,,,,
,55,15:18:35,,,,,,
,56,15:18:38,,,,,,
,61,15:18:45,,,,,,
,53,15:18:47,,,,,,
,57,15:18:50,,,,,,
,55,15:18:52,,,,,,
,54,15:19:00,,,,,,
,52,15:19:08,,,,,,
,55,15:19:12,,,,,,
,53,15:19:13,,,,,,
,52,15:19:16,,,,,,
,46,15:19:19,,,,,,
,49,15:19:24,,,,,,
,59,15:19:38,,,,,,
,50,15:19:48,,,,,,
,59,15:20:00,,,,,,
,51,15:20:23,,,,,,
,53,15:20:33,,,,,,
,50,15:20:39,,,,,,
,47,15:20:43,,,,,,
,54,15:20:47,,,,,,
,50,15:20:56,,,,,,
,44,15:20:57,,,,,,
,45,15:21:00,,,,,,
,52,15:21:10,,,,,,
,54,15:21:13,,,,,,
,54,15:21:23,,,,,,
,52,15:21:24,,,,,,
,53,15:21:26,,,,,,
,60,15:21:35,,,,,,
,53,15:21:40,,,,,,
,57,15:21:43,,,,,,
,64,15:21:45,,,,,,
,54,15:21:45,,,,,,
,52,15:22:14,,,,,,
,54,15:22:15,,,,,,
I-84 WB at 33rd Lane 1,49,15:25:23,,,,,,
,50,15:25:31,,,,,,
,52,15:25:40,,,,,,
,54,15:25:44,,,,,,
,47,15:25:50,,,,,,
,50,15:25:52,,,,,,
,55,15:25:54,,,,,,
,51,15:26:10,,,,,,
,53,15:26:13,,,,,,
,55,15:26:16,,,,,,
,56,15:26:20,,,,,,
,54,15:26:24,,,,,,
,53,15:26:26,,,,,,
,54,15:26:32,,,,,,
,56,15:26:35,,,,,,
,58,15:26:38,,,,,,
,53,15:26:41,,,,,,
,53,15:26:45,,,,,,
,54,15:26:46,,,,,,
,58,15:26:53,,,,,,
,57,15:26:58,,,,,,
,56,15:27:00,,,,,,
,62,15:27:03,,,,,,
,62,15:27:04,,,,,,
,60,15:27:07,,,,,,
,56,15:27:14,,,,,,
,63,15:27:15,,,,,,
,57,15:27:18,,,,,,
,55,15:27:23,,,,,,
,58,15:27:27,,,,,,
,58,15:27:30,,,,,,
,58,15:27:32,,,,,,
,57,15:27:34,,,,,,
,60,15:27:37,,,,,,
,54,15:27:39,,,,,,
,52,15:27:41,,,,,,
,54,15:27:43,,,,,,
,55,15:27:45,,,,,,
,56,15:27:53,,,,,,
,57,15:27:55,,,,,,
,56,15:28:00,,,,,,
,56,15:28:03,,,,,,
,56,15:28:06,,,,,,
,56,15:28:10,,,,,,
,56,15:28:13,,,,,,
,58,15:28:18,,,,,,
,50,15:28:19,,,,,,
,53,15:28:26,,,,,,
,52,15:28:28,,,,,,
,46,15:28:31,,,,,,
,49,15:28:35,,,,,,
,45,15:28:36,,,,,,
,43,15:28:37,,,,,,
,49,15:28:42,,,,,,
,58,15:28:43,,,,,,
,54,15:28:47,,,,,,
,56,15:28:49,,,,,,
,59,15:28:56,,,,,,
,59,15:29:02,,,,,,
,53,15:29:04,,,,,,
,54,15:29:06,,,,,,
,55,15:29:08,,,,,,
,54,15:29:12,,,,,,
,52,15:29:14,,,,,,
,55,15:29:15,,,,,,
,56,15:29:17,,,,,,
,55,15:29:18,,,,,,
,53,15:29:22,,,,,,
,55,15:29:26,,,,,,
,58,15:29:35,,,,,,
,54,15:29:37,,,,,,
,53,15:29:39,,,,,,
,53,15:29:41,,,,,,
,53,15:29:42,,,,,,
,54,15:29:44,,,,,,
,55,15:29:51,,,,,,
,56,15:29:55,,,,,,
,58,15:30:01,,,,,,
,54,15:30:08,,,,,,
,55,15:30:11,,,,,,
,55,15:30:13,,,,,,
,58,15:30:16,,,,,,
,59,15:30:18,,,,,,
,58,15:30:23,,,,,,
,57,15:30:25,,,,,,
,58,15:30:28,,,,,,
,58,15:30:33,,,,,,
,59,15:30:35,,,,,,
,58,15:30:38,,,,,,
,57,15:30:40,,,,,,
,55,15:30:45,,,,,,
,54,15:30:47,,,,,,
,52,15:30:51,,,,,,
,52,15:30:54,,,,,,
,55,15:31:01,,,,,,
,57,15:31:05,,,,,,
,56,15:31:06,,,,,,
,61,15:31:12,,,,,,
,59,15:31:14,,,,,,
,60,15:31:15,,,,,,
,59,15:31:18,,,,,,
,59,15:31:20,,,,,,
,56,15:31:29,,,,,,
,59,15:31:30,,,,,,
,58,15:31:32,,,,,,
,59,15:31:34,,,,,,
,56,15:31:37,,,,,,
,58,15:31:39,,,,,,
,60,15:31:41,,,,,,
,62,15:31:44,,,,,,
,64,15:31:48,,,,,,
,59,15:31:52,,,,,,
,57,15:31:56,,,,,,
,57,15:31:57,,,,,,
,57,15:32:00,,,,,,
,57,15:32:02,,,,,,
,60,15:32:05,,,,,,
,56,15:32:10,,,,,,
,55,15:32:12,,,,,,
,55,15:32:16,,,,,,
,55,15:32:18,,,,,,
,58,15:32:25,,,,,,
,54,15:32:35,,,,,,
,59,15:32:38,,,,,,
,55,15:32:41,,,,,,
,57,15:32:42,,,,,,
,49,15:32:52,,,,,,
,50,15:32:53,,,,,,
,52,15:32:55,,,,,,
,52,15:32:58,,,,,,
,59,15:32:59,,,,,,
,52,15:33:02,,,,,,
,53,15:33:14,,,,,,
,53,15:33:16,,,,,,
,46,15:33:35,,,,,,
,52,15:33:40,,,,,,
,52,15:33:42,,,,,,
,57,15:33:44,,,,,,
,56,15:33:53,,,,,,
,58,15:33:56,,,,,,
,50,15:33:58,,,,,,
,58,15:34:00,,,,,,
,60,15:34:04,,,,,,
,60,15:34:08,,,,,,
,64,15:34:11,,,,,,
,65,15:34:12,,,,,,
,60,15:34:15,,,,,,
,60,15:34:17,,,,,,
,60,15:34:20,,,,,,
,62,15:34:25,,,,,,
,58,15:34:37,,,,,,
,60,15:34:39,,,,,,
,60,15:34:41,,,,,,
,60,15:34:44,,,,,,
,59,15:34:50,,,,,,
,56,15:34:55,,,,,,
,54,15:34:57,,,,,,
,56,15:34:59,,,,,,
,52,15:35:01,,,,,,
,58,15:35:04,,,,,,
,58,15:35:05,,,,,,
,63,15:35:09,,,,,,
,60,15:35:13,,,,,,
,64,15:35:16,,,,,,
,59,15:35:24,,,,,,
,59,15:35:27,,,,,,
,55,15:35:28,,,,,,
,59,15:35:31,,,,,,
,64,15:35:33,,,,,,
,57,15:35:39,,,,,,
,60,15:35:41,,,,,,
,58,15:35:43,,,,,,
,60,15:35:45,,,,,,
,56,15:35:53,,,,,,
,57,15:35:54,,,,,,
,58,15:35:55,,,,,,
,55,15:35:56,,,,,,
,55,15:35:58,,,,,,
,55,15:36:03,,,,,,
,53,15:36:06,,,,,,
,58,15:36:10,,,,,,
,59,15:36:12,,,,,,
,60,15:36:17,,,,,,
,59,15:36:24,,,,,,
,55,15:36:25,,,,,,
,60,15:36:30,,,,,,
,58,15:36:35,,,,,,
,55,15:36:37,,,,,,
,59,15:36:40,,,,,,
,61,15:36:42,,,,,,
,59,15:36:45,,,,,,
,60,15:36:56,,,,,,
,57,15:37:03,,,,,,
,56,15:37:06,,,,,,
,58,15:37:09,,,,,,
,57,15:37:12,,,,,,
,56,15:37:14,,,,,,
,55,15:37:17,,,,,,
,54,15:37:19,,,,,,
,54,15:37:21,,,,,,
,54,15:37:24,,,,,,
,53,15:37:27,,,,,,
,53,15:37:29,,,,,,
,53,15:37:32,,,,,,
,58,15:37:36,,,,,,
,57,15:37:39,,,,,,
,62,15:37:41,,,,,,
,59,15:37:43,,,,,,
,56,15:37:45,,,,,,
,53,15:37:49,,,,,,
,54,15:37:51,,,,,,
,55,15:37:57,,,,,,
,53,15:37:59,,,,,,
,54,15:38:01,,,,,,
,55,15:38:07,,,,,,
,57,15:38:08,,,,,,
,58,15:38:15,,,,,,
,56,15:38:17,,,,,,
,56,15:38:21,,,,,,
,56,15:38:23,,,,,,
,54,15:38:26,,,,,,
,56,15:38:30,,,,,,
,57,15:38:32,,,,,,
,55,15:38:35,,,,,,
,54,15:38:37,,,,,,
,52,15:38:40,,,,,,
,59,15:38:43,,,,,,
,58,15:38:47,,,,,,
,57,15:38:48,,,,,,
,55,15:38:50,,,,,,
,55,15:38:51,,,,,,
,55,15:38:54,,,,,,
,54,15:38:59,,,,,,
,53,15:39:01,,,,,,
,52,15:39:03,,,,,,
,56,15:39:06,,,,,,
,51,15:39:08,,,,,,
,59,15:39:17,,,,,,
,57,15:39:20,,,,,,
,56,15:39:24,,,,,,
,58,15:39:30,,,,,,
,58,15:39:34,,,,,,
,58,15:39:41,,,,,,
,60,15:39:45,,,,,,
,55,15:39:48,,,,,,
,56,15:39:50,,,,,,
,55,15:39:51,,,,,,
,59,15:39:53,,,,,,
,58,15:39:58,,,,,,
,53,15:40:01,,,,,,
,60,15:40:02,,,,,,
,62,15:40:04,,,,,,
,62,15:40:09,,,,,,
,59,15:40:19,,,,,,
,51,15:40:31,,,,,,
,55,15:40:33,,,,,,
,51,15:40:36,,,,,,
,55,15:40:38,,,,,,
,57,15:40:42,,,,,,
,55,15:40:50,,,,,,
,56,15:40:51,,,,,,
,61,15:40:59,,,,,,
,54,15:41:00,,,,,,
,53,15:41:01,,,,,,
,58,15:41:02,,,,,,
,55,15:41:06,,,,,,
,56,15:41:13,,,,,,
,62,15:41:17,,,,,,
,61,15:41:19,,,,,,
,54,15:41:28,,,,,,
,49,15:41:41,,,,,,
,52,15:41:43,,,,,,
,53,15:41:45,,,,,,
,52,15:41:50,,,,,,
,52,15:41:52,,,,,,
,51,15:41:56,,,,,,
,57,15:42:00,,,,,,
,57,15:42:01,,,,,,
,52,15:42:05,,,,,,
,56,15:42:11,,,,,,
,56,15:42:13,,,,,,
,55,15:42:16,,,,,,
,54,15:42:24,,,,,,
,58,15:42:26,,,,,,
,55,15:42:29,,,,,,
,62,15:42:37,,,,,,
,58,15:42:46,,,,,,
,56,15:42:47,,,,,,
,56,15:42:50,,,,,,
,58,15:42:54,,,,,,
,58,15:42:55,,,,,,
,58,15:43:00,,,,,,
,58,15:43:04,,,,,,
,55,15:43:08,,,,,,
,51,15:43:11,,,,,,
,50,15:43:15,,,,,,
,54,15:43:16,,,,,,
,53,15:43:24,,,,,,
,52,15:43:27,,,,,,
,51,15:43:31,,,,,,
,50,15:43:32,,,,,,
,50,15:43:37,,,,,,
,50,15:43:39,,,,,,
,52,15:43:41,,,,,,
,55,15:43:42,,,,,,
,55,15:43:44,,,,,,
,63,15:43:51,,,,,,
,66,15:43:57,,,,,,
,60,15:43:59,,,,,,
,61,15:44:02,,,,,,
,62,15:44:04,,,,,,
,55,15:44:06,,,,,,
,57,15:44:17,,,,,,
,59,15:44:20,,,,,,
,65,15:44:22,,,,,,
,57,15:44:26,,,,,,
,57,15:44:28,,,,,,
,62,15:44:30,,,,,,
,53,15:44:37,,,,,,
,54,15:44:39,,,,,,
,52,15:44:43,,,,,,
,52,15:44:46,,,,,,
,54,15:44:48,,,,,,
,55,15:44:50,,,,,,
,56,15:44:53,,,,,,
,55,15:44:58,,,,,,
,53,15:45:04,,,,,,
,56,15:45:05,,,,,,
,56,15:45:07,,,,,,
,57,15:45:10,,,,,,
,58,15:45:15,,,,,,
,62,15:45:21,,,,,,
,60,15:45:23,,,,,,
,61,15:45:25,,,,,,
,58,15:45:27,,,,,,
,59,15:45:30,,,,,,
,62,15:45:32,,,,,,
,54,15:45:38,,,,,,
,55,15:45:39,,,,,,
,59,15:45:50,,,,,,
,57,15:45:51,,,,,,
,54,15:45:53,,,,,,
,61,15:46:01,,,,,,
,62,15:46:04,,,,,,
,59,15:46:13,,,,,,
,61,15:46:16,,,,,,
,59,15:46:19,,,,,,
,56,15:46:22,,,,,,
,53,15:46:25,,,,,,
,54,15:46:33,,,,,,
,54,15:46:36,,,,,,
,57,15:46:39,,,,,,
,57,15:46:41,,,,,,
,59,15:46:44,,,,,,
,54,15:46:47,,,,,,
,55,15:46:48,,,,,,
,55,15:46:57,,,,,,
,53,15:47:02,,,,,,
,51,15:47:13,,,,,,
,52,15:47:15,,,,,,
,47,15:47:20,,,,,,
,56,15:47:22,,,,,,
,56,15:47:26,,,,,,
,55,15:47:29,,,,,,
,52,15:47:31,,,,,,
,53,15:47:34,,,,,,
,56,15:47:37,,,,,,
,59,15:47:39,,,,,,
,60,15:47:40,,,,,,
,59,15:47:42,,,,,,
,60,15:47:44,,,,,,
,57,15:47:46,,,,,,
,56,15:47:48,,,,,,
,55,15:47:55,,,,,,
,53,15:48:00,,,,,,
,56,15:48:03,,,,,,
,51,15:48:09,,,,,,
,53,15:48:17,,,,,,
,57,15:48:25,,,,,,
,56,15:48:26,,,,,,
,52,15:48:29,,,,,,
,58,15:48:35,,,,,,
,61,15:48:38,,,,,,
,59,15:48:40,,,,,,
,62,15:48:44,,,,,,
,62,15:48:45,,,,,,
,61,15:48:47,,,,,,
,62,15:48:49,,,,,,
,58,15:48:51,,,,,,
,57,15:48:56,,,,,,
,56,15:49:03,,,,,,
,58,15:49:04,,,,,,
,59,15:49:06,,,,,,
,61,15:49:08,,,,,,
,59,15:49:14,,,,,,
,60,15:49:19,,,,,,
,62,15:49:21,,,,,,
,64,15:49:24,,,,,,
,62,15:49:27,,,,,,
,63,15:49:30,,,,,,
,60,15:49:44,,,,,,
,55,15:49:46,,,,,,
,59,15:49:48,,,,,,
,59,15:49:50,,,,,,
,57,15:49:52,,,,,,
,57,15:49:55,,,,,,
,59,15:49:58,,,,,,
,62,15:50:01,,,,,,
,61,15:50:07,,,,,,
,54,15:50:07,,,,,,
,61,15:50:08,,,,,,
,62,15:50:10,,,,,,
,57,15:50:16,,,,,,
,59,15:50:20,,,,,,
,57,15:50:26,,,,,,
,58,15:50:31,,,,,,
,58,15:50:35,,,,,,
,55,15:50:37,,,,,,
,56,15:50:43,,,,,,
,55,15:50:46,,,,,,
,57,15:50:49,,,,,,
,50,15:50:51,,,,,,
,56,15:50:52,,,,,,
,51,15:50:54,,,,,,
,56,15:50:56,,,,,,
,47,15:51:02,,,,,,
,48,15:51:05,,,,,,
,48,15:51:09,,,,,,
,51,15:51:11,,,,,,
,53,15:51:13,,,,,,
,55,15:51:16,,,,,,
,57,15:51:23,,,,,,
,46,15:51:27,,,,,,
,48,15:51:28,,,,,,
,48,15:51:30,,,,,,
,53,15:51:40,,,,,,
,56,15:51:43,,,,,,
,64,15:51:47,,,,,,
,59,15:51:52,,,,,,
,56,15:52:00,,,,,,
,67,15:52:05,,,,,,
,56,15:52:11,,,,,,
,56,15:52:16,,,,,,
,55,15:52:17,,,,,,
,55,15:52:20,,,,,,
,57,15:52:23,,,,,,
,56,15:52:24,,,,,,
,59,15:52:26,,,,,,
,54,15:52:33,,,,,,
,54,15:52:34,,,,,,
,54,15:52:37,,,,,,
,55,15:52:39,,,,,,
,54,15:52:42,,,,,,
,53,15:52:45,,,,,,
,51,15:52:48,,,,,,
,54,15:52:51,,,,,,
,55,15:52:54,,,,,,
,53,15:52:55,,,,,,
,57,15:53:00,,,,,,
,55,15:53:09,,,,,,
,51,15:53:11,,,,,,
,53,15:53:13,,,,,,
,54,15:53:15,,,,,,
,61,15:53:20,,,,,,
,62,15:53:23,,,,,,
,59,15:53:27,,,,,,
,57,15:53:30,,,,,,
,59,15:53:31,,,,,,
,58,15:53:44,,,,,,
,52,15:53:49,,,,,,
,52,15:53:52,,,,,,
,54,15:53:54,,,,,,
,62,15:53:59,,,,,,
,59,15:54:01,,,,,,
,52,15:54:21,,,,,,
,53,15:54:23,,,,,,
,51,15:54:29,,,,,,
,53,15:54:32,,,,,,
,52,15:54:34,,,,,,
,55,15:54:38,,,,,,
,52,15:54:42,,,,,,
,55,15:54:43,,,,,,
,57,15:54:50,,,,,,
,58,15:54:55,,,,,,
,56,15:54:59,,,,,,
,60,15:55:01,,,,,,
,58,15:55:09,,,,,,
,60,15:55:18,,,,,,
,59,15:55:15,,,,,,
,57,15:55:22,,,,,,